date;message_id;reply_to_msg_id;channel_name;channel_id;sender;sender_id;message;views;comments;reactions;channel_members_count;channel_url;reactions_total;forwarded;forwards;topic_title
2026-03-12 08:59:04+00:00;110;;Лещенко 🪄 ВКЛЮЧИ ИИ;2889841744;;-1;**Я задолбался делать карусели вручную.   Поэтому собрал систему, которая делает их сама.**  Каждый раз одно и то же.  Придумать тему.   Разбить её на слайды.   Написать текст.   Подобрать картинки.   Собрать карусель.  На одну такую штуку легко уходит час, а иногда и больше.  В какой-то момент я подумал:   **это же идеальная задача для автоматизации.**  И собрал себе небольшую AI-систему, которая делает карусели почти полностью сама.  Как это работает:  1️⃣ Я заранее складываю **темы для каруселей** в таблицу (Raretable)   2️⃣ Автоматизация берёт одну из тем   3️⃣ Пишет текст карусели   4️⃣ Делит его на слайды   5️⃣ Генерирует изображения   6️⃣ Собирает готовую карусель  После этого **готовая карусель просто приходит мне в Telegram** 📩  Мне остаётся только открыть её и опубликовать.  По времени:  **примерно 10 минут — и готова карусель из 6 слайдов.**  Но самое интересное — стоимость.  Я посчитал расходы на генерацию.  **Один слайд карусели стоит ~3 ₽.**  То есть:  6 слайдов ≈ **18 рублей**.  По сути получился маленький **контент-завод** ⚙️  Запускаешь — и через несколько минут у тебя готовый материал.  И это ещё не предел.  Можно добавить **автопубликацию**, и тогда карусели будут сразу выходить в нужной соцсети без моего участия 🚀;32;0;;108;https://t.me/Switch_On_AI;0;0;1;
2026-03-10 10:37:01+00:00;109;;Лещенко 🪄 ВКЛЮЧИ ИИ;2889841744;;-1;Вчера впервые нормально поигрался с Claude Computer Use (Cowork) в десктоп-версии.  Скачать его [ТУТ](https://claude.com/download)  И честно — это очень сильная штука.  По сути это агент, который может работать прямо внутри вашего компьютера.  Вы просто голосом объясняете задачу: (про сервис который считывает голос писал [ТУТ](https://t.me/Switch_On_AI/98))  что нужно сделать   где лежат файлы   какой результат хотите получить  И дальше он начинает работать сам.  Он может:  — создавать документы   — редактировать их   — перемещать файлы   — удалять   — структурировать папки   — анализировать данные  То есть это уже не просто чат.  Это реально рабочий помощник.  Я дал ему одну задачу, которая давно висела у меня в голове.  Я уже какое-то время веду все свои заметки в Obsidian.   Сейчас у меня там около 200 заметок.  Но я никогда нормально не выстраивал между ними связи, чтобы получился осмысленный граф.  Я примерно понимал, как хочу, чтобы это выглядело, но руками делать это было долго и лень.  Поэтому просто описал задачу агенту.  Он:  — проанализировал все заметки   — нашёл взаимосвязи   — разложил их по структуре   — и построил пятиступенчатую ветвь связей между заметками  Причём это происходило в несколько итераций.   Я просто уточнял, что мне нравится, а что нет.  В итоге за час у меня появился граф знаний, который я откладывал несколько месяцев.;39;0;{':thumbs_up:': 3};108;https://t.me/Switch_On_AI;3;0;3;
2026-03-07 14:06:01+00:00;108;;Лещенко 🪄 ВКЛЮЧИ ИИ;2889841744;;-1;🔥 OpenAI выпустили GPT-5.4  В начале марта вышла новая флагманская модель — GPT-5.4.   Она заменяет GPT-5.2 и GPT-5.3.  Что изменилось:  1️⃣ Контекст — до 1,05 млн токенов   Теперь модель может анализировать огромные документы, кодовые базы и длинные диалоги практически без потери деталей.  2️⃣ Режим computer use   GPT может работать как агент: — читать скриншоты   — кликать кнопки   — заполнять формы   — проверять результат  Фактически это уже шаг в сторону полноценного ИИ-ассистента, который может выполнять задачи на компьютере.  3️⃣ Меньше галлюцинаций   OpenAI заявляет: — на 33% меньше галлюцинаций   — на 18% меньше ошибок  4️⃣ Появился tool search   Модель может динамически подключать инструменты под задачу.  Версии модели:  • GPT-5.4 — базовая   • GPT-5.4 Thinking — для сложного рассуждения   • GPT-5.4 Pro — максимальная точность  По бенчмаркам:  — 75% OSWorld (задачи на ПК)   — 82,7% BrowseComp (поиск в интернете)   — 83% GDPval (знания)  💰 Цена API — от $2.50 за миллион входных токенов.  Главное изменение, на мой взгляд:  ИИ постепенно перестаёт быть просто “чатом”.   Он становится** агентом,** который может выполнять задачи.  И это только начало.  Если интересно — могу разобрать, какие реальные задачи уже можно автоматизировать через такие модели.;58;0;;108;https://t.me/Switch_On_AI;0;0;0;
2026-03-06 14:00:01+00:00;107;;Лещенко 🪄 ВКЛЮЧИ ИИ;2889841744;;-1;🔥 Google выпустил новую нейросеть для генерации изображений — **Nano Banana 2**  Главная фишка — модель может **использовать данные из интернета**, чтобы точнее понимать объекты, сцены и стили. Поэтому она хорошо справляется с:  • реальными местами и объектами • инфографикой и графиками • интерфейсами и текстом • сложными сценами  ⚡️ Возможности модели:  • генерация изображений до **4K** • до **14 объектов** в кадре • до **5 одинаковых персонажей** • высокая точность в сложных промптах  ---  🤖 Чем отличается от других генераторов  **Midjourney / Stable Diffusion**  — работают только на обученных данных — не используют актуальную информацию из интернета  **Nano Banana 2**  — может подтягивать **данные из веб-поиска** — лучше делает **реалистичные сцены, UI и инфографику**  ---  💡 **Как бесплатно генерировать картинки**  Это можно сделать через официальный проект Google — [**Flow**](https://labs.google/flow/about)  Что нужно сделать:  1. зайти в Flow (Google Labs) 2. создать новый проект 3. в списке моделей выбрать **Nano Banana Pro**  На один аккаунт дают **до 20 генераций в день**. Если использовать несколько аккаунтов — лимит можно увеличить.  📌 Чтобы скачать изображение **в максимальном качестве**, выбирайте разрешение **2K**.;62;0;;108;https://t.me/Switch_On_AI;0;0;2;
2026-03-06 08:35:28+00:00;106;;Лещенко 🪄 ВКЛЮЧИ ИИ;2889841744;;-1;оооо, у меня первая сотня подписчиков в канале!  кайф);61;0;{':trophy:': 5};108;https://t.me/Switch_On_AI;5;0;0;
2026-03-05 08:58:58+00:00;105;;Лещенко 🪄 ВКЛЮЧИ ИИ;2889841744;;-1;Готовлю видео обзор Контен-Завода!;61;0;;108;https://t.me/Switch_On_AI;0;0;0;
2026-03-05 08:56:58+00:00;104;;Лещенко 🪄 ВКЛЮЧИ ИИ;2889841744;;-1;**Почему автоматизация контента — одно из самых выгодных вложений времени сейчас**  Когда-то я долго думал, куда вообще стоит вкладывать своё время.   Вариантов всегда море: делать сервис, брать проекты на заказ, пилить новый продукт.  Но со временем пришёл к простой мысли.  **Самая сильная инвестиция — это система контента для себя.**  Для личного бренда, бизнеса или продукта.  **Почему?**  Потому что **контент — это актив** 📈  Он со временем начинает приносить:  — подписчиков 👥   — охваты 📊   — узнаваемость 🧠   — клиентов 💰    И всё это часто **без платной рекламы**.  Иногда достаточно посмотреть на **зарубежный YouTube**.  Тысячи людей сейчас делают одинаковые AI-сервисы.   Например:  калькуляторы калорий   простые SaaS-инструменты разные мелкие AI-сервисы  Их тысячи.  Но рынку реально нужно **два-три таких продукта**.  **Остальные просто исчезают.**  А теперь представьте другой сценарий.  Если бы эти же люди вместо очередного сервиса сделали **систему контента**, которая **каждый день приводит им аудиторию**.  Даже **1000 просмотров в день**.   Даже **10 новых подписчиков**.  Через несколько месяцев это превращается в **актив, который работает на тебя** ⚙️  И тогда запуск любого продукта становится **в разы проще**.  Появляются:  — первые пользователи 👤   — обратная связь 💬   — предложения о сотрудничестве 🤝;58;0;{':red_heart:': 2, ':thumbs_up:': 1};108;https://t.me/Switch_On_AI;3;0;0;
2026-03-04 16:40:26+00:00;103;;Лещенко 🪄 ВКЛЮЧИ ИИ;2889841744;;-1;Claude заблокировал мне два аккаунта.  Апелляцию я отправил, но ждать неизвестно сколько.  Поэтому пошёл **регистрировать новую учетную запись**.  И заодно решил записать **короткую видео-инструкцию**, как сейчас зарегистрироваться в Claude и оплатить подписку.  В видео показал всё по шагам:   — регистрация   — как обойти ограничения   — как оплатить Claude  Если тоже планируете пользоваться Claude — вот инструкция 👇   https://youtu.be/LAyTk9XJeHY  ---  ### Сервисы, которые могут понадобиться  **1️⃣ Зарубежная карта (как в видео)**   Сервис для выпуска карты:  [WanttopayBot](https://t.me/WantToPayBot?start=w17851188--E334R)  **2️⃣ Сервисы для оплаты зарубежных сервисов** [Оплата МТС  ](https://payment.mts.ru/tools?utm_source=payment-tools) [ОплатаГуру](http://t.me/OplataGuru_bot)    Еще один бот для оплаты   https://t.me/paymentserv_bot?start=ref=286335869  Иногда пользуюсь сайтом **Плати Маркет** — это по сути маркетплейс людей, которые помогают оплачивать зарубежные сервисы.   Там важно **смотреть отзывы и рейтинг продавцов**.  **3️⃣ Одноразовые номера для регистрации** [Grizzly SMS](https://grizzlysms.com/ru/?r=890069);57;0;;108;https://t.me/Switch_On_AI;0;0;2;
2026-03-04 13:45:27+00:00;102;;Лещенко 🪄 ВКЛЮЧИ ИИ;2889841744;;-1;После истории с блокировкой Claude я, конечно, немного расстроился.  Поэтому решил поделиться с вами ещё одним **топовым GPTs**.  Это **мега-распаковщик экспертности**.  Вчера был на очень крутом мастер-классе у методолога **Михаила Мермана** @mikhailmerman  В последней части мероприятия были короткие индивидуальные разборы разных специалистов.   Я тоже поучаствовал.  И знаете, что было интересно?  Мой внутренний перфекционист немного расслабился 😄   Оказалось, **я не один такой**, кому сложно нормально объяснить:  **чем он вообще может быть полезен людям.**  И вот тут как раз может помочь **тот же ChatGPT**.  Поэтому делюсь своим GPTs, который **специализируется на распаковке экспертности**.  Вот ссылка 👇   [Распаковщик | ВКЛЮЧИ ИИ](https://chatgpt.com/g/g-698ee787776c81918092a10f06aabe29-raspakovshchik-vkliuchi-ii)  Открывайте его и просто напишите:  **НАЧНЕМ**  Дальше всё просто —   отвечайте на его вопросы и наблюдайте, как постепенно **раскрывается ваша экспертность**.  Сам сейчас пойду с ним общаться)));52;0;;108;https://t.me/Switch_On_AI;0;0;2;
2026-03-04 11:06:01+00:00;101;;Лещенко 🪄 ВКЛЮЧИ ИИ;2889841744;;-1;Сегодня ночью **Claude AI заблокировал сразу две мои учетные записи.**  Да, ребята из **Anthropic реально следят за пользователями** 👀  Сначала я подумал:   что вообще произошло?  Разобрался. Есть **три основные причины**, по которым могут заблокировать аккаунт:  — регистрация из страны, где сервис не поддерживается   — создание запрещенного контента   — передача аккаунта другому пользователю    Первые два пункта в моем случае не подходят.  Из России просто так на их сайт не зайти.   А если Claude считает, что запрос нарушает правила — он просто **отказывается его выполнять**.  Значит остается **третий пункт — подозрительная смена регионов**.  И тут я, похоже, сам себе устроил проблему.  Вчера было несколько нестандартных входов:  — в аккаунт заходил сотрудник сервиса, который помог оплатить подписку   — я работал через VPN с регионом **Финляндия**   — потом переключился на **США**  Плюс VPN вчера работал очень нестабильно, и я **несколько раз менял регионы**.  Думал:   **я же сто раз так делал — всё нормально.**  Оказалось — **не нормально**.  Утром открываю Claude → **аккаунт заблокирован**.   Захожу во второй → **там тоже бан**.  ### Что из этого можно вынести  **1️⃣ Используйте нормальный платный VPN**   Желательно с режимом **туннеля**, чтобы не было скачков регионов.  **2️⃣ Не прыгайте по миру через VPN** 🌍   Сервисы это видят и могут посчитать подозрительной активностью.  Сейчас пошел писать **апелляцию в поддержку**.  Надеюсь, что разблокируют —   там остались материалы, которые я вчера не сохранил.;58;0;;108;https://t.me/Switch_On_AI;0;0;3;
2026-03-03 14:15:31+00:00;100;;Лещенко 🪄 ВКЛЮЧИ ИИ;2889841744;;-1;В TikTok у меня в комментариях спросили, **как я формирую запросы к нейросети** 🤖  Делюсь своим GPTs, которым пользуюсь постоянно, когда нужно решить любую задачу внутри нейросети.   Мне важно, чтобы система понимала задачу сразу, без дополнительных уточнений. Чтобы результат можно было получить **с одного промпта** 🎯  При этом сама задача не так важна. Этот GPTs помогает подготовиться к любой работе:  — исследование   — запуск проекта   — написание сайта через cosex или cloude code   — создание ассистента под конкретную функцию ⚙️    Я сделал для себя отдельного **промпт-инженера**. Использую его по несколько раз в день и практически не обращаюсь к другим GPTs внутри ChatGPT.  Вот ссылка, можете сразу сохранить:  [Промпт-инженер](https://chatgpt.com/g/g-697e39f2c554819198790d8dadfa7a3b-prompt-inzhener-vkliuchi-ii)  **Как я работаю:**  Открываю ассистента и формулирую задачу:   «Бот, для тебя категорически важная задача. Создай промпт для агента, который должен сделать: …»  Далее в свободной форме описываю, что требуется.   Желательно сразу указать компетенции будущего ассистента. Можно задать несколько ролей — маркетолог, юрист, аналитик и другие.  Задачу можно описывать так, как она сформулирована в голове 🧠   Ничего вылизывать не нужно.  **Что получается в итоге:**  Сильный стартовый промпт.   Промпт-инженер сам дополняет его нужными компетенциями, структурирует требования и закрывает пробелы.  Если хотите, чтобы диалог с нейросетью начинался корректно и без лишних доработок — сохраните ссылку и используйте этот подход 🚀;56;3;{':red_heart:': 1};108;https://t.me/Switch_On_AI;1;0;4;
2026-03-03 09:43:02+00:00;99;;Лещенко 🪄 ВКЛЮЧИ ИИ;2889841744;;-1;Лучший reality check про ИИ, который я видел за последнее время 🔥  Каждая точка на графике — это 3,2 миллиона человек. Вся сетка — 8,1 миллиарда, всё население планеты.  **84% людей на Земле никогда не использовали ИИ. Никогда.** 🤯  6,8 миллиарда человек ни разу не открыли ChatGPT.  ▫️ Те, кто хотя бы попробовал бесплатный чат-бот — жалкая зелёная полоска внизу. Это 16%.  ▫️ Те, кто платит за ИИ-подписку — крошечная жёлтая полоска. 0,3%.  ▫️ Те, кто использует Cursor или Claude Code — едва заметные красные точки в углу. 0,04%.  Если вы читаете этот пост — скорее всего, вы в жёлтой или красной точке.  И всё ваше ощущение «ИИ уже везде, все уже умеют» — не имеет отношения к реальности.  __Не слушайте тех, кто давит на срочность: «если не внедришь прямо сейчас — проиграешь». Это просто манипуляция.__ 🙅  Теперь вот с чем стоит это сравнить.  В 2005 году интернетом пользовались около 16% населения Земли — примерно столько же, сколько сейчас используют ИИ.  Всё, что мы знаем сегодня — соцсети, стриминг, весь e-commerce — было построено __после__ этой точки. 📈  **Всё ещё впереди. Успеваем.** 🚀;65;0;{':fire:': 2};108;https://t.me/Switch_On_AI;2;0;5;
2026-03-02 15:31:02+00:00;98;;Лещенко 🪄 ВКЛЮЧИ ИИ;2889841744;;-1;Я сошёл с ума и разговариваю с компьютером 😄  А если серьёзнее — поставил транскрибатор голосового ввода. Теперь в любом месте, где нужно писать текст — просто говорю вслух. Он всё расставляет: запятые, абзацы, знаки препинания. Сам.  Называется **Aqua Voice**.  Вот поймал себя на мысли, что теперь просто разговариваю с компьютером 😄  **Где это реально меняет скорость:**  — __Общение с ИИ__ — вместо долгого набора промпта просто говоришь. Ускорение на порядок, без преувеличений — __Заметки__ — мысль пришла, тут же зафиксировал голосом, ничего не теряется — __Переписка и письма__ — надиктовал ответ, человеку ушёл аккуратный красивый текст — __Любой ввод текста__ — если много печатаете, это must have  Работает на **Windows и Mac**. Есть бесплатный период — без привязки карты.  Ссылка — https://aquavoice.com/share?code=IE-7PTE;58;4;{':red_heart:': 2};108;https://t.me/Switch_On_AI;2;0;1;
2026-03-02 09:29:02+00:00;97;;Лещенко 🪄 ВКЛЮЧИ ИИ;2889841744;;-1;**Где брать промпты для изображений — живая подборка**  Самая частая проблема с ИИ-картинками — не модель, а запрос. Промпт решает 80% результата.  ⸻  **📚 Библиотеки промптов**  [**BananaPrompts**](https://www.bananaprompts.xyz/explore) 1000+ промптов с визуальными примерами. Формат «запрос → результат»: видишь промпт и сразу картинку, которую он даёт. Удобно брать как шаблон и адаптировать под себя.  [**NanoBanana Pro**](https://youmind.com/nano-banana-pro-prompts) Более 10 000 промптов, обновляется ежедневно. Портреты, инфографика, карточки товаров, bento-сетки, стилизации. Каждый промпт можно скопировать и запустить прямо там. __Бесплатно.__  [**Prompt1.ru**](https://prompt1.ru/tag/trendovye/) Русскоязычная библиотека. Раздел «В тренде» — актуальные промпты под разные задачи. Разбито по нейросетям: Nano Banana, Gemini, Midjourney, Kandinsky и другие.  ⸻  **🎬 Для видео**  [**PromptGather**](https://promptgather.io/videos/explore/1) Промпты под видеогенерацию. Поддерживает VEO3, Sora, Seedance, Kling и другие модели. Фильтрация по тегам: slow motion, cinematic, photorealistic. 30 бесплатных кредитов при регистрации.  ⸻  **✨ Постобработка**  [**Enhancor.ai**](https://www.enhancor.ai/#skin-fix) Коррекция кожи на ИИ-фото. Убирает пластиковую кожу и неестественную текстуру — типичные артефакты генерации. Нужен всем, кто делает портреты или рекламные материалы с людьми.  ⸻  __Сохрани — пригодится при следующей задаче с визуалом.__;67;0;{'ReactionPaid()': 1};108;https://t.me/Switch_On_AI;1;0;0;
2026-03-01 13:03:04+00:00;95;;Лещенко 🪄 ВКЛЮЧИ ИИ;2889841744;;-1;Открыл для себя крутую нейросеть, которая создавалась как агент для анализа!  Когда ChatGPT уходит в глубокий анализ, он иногда при обработке может добавить собственные интерпретации. Эта же нейросеть основывается только на реальных данных, которые находит в интернете.  И это его величество — Manus!  Он буквально с одного промпта (правда, промпт был очень большой) провёл для меня глубокий анализ конкурентов в нише автоматизаций и построения контент-заводов.  Он изучил сайты, соцсети, посмотрел контент, который работает, и выдал в ответ объёмный текстовый документ.  При регистрации даётся 1000 бесплатных токенов, а если перейти по моей реферальной ссылке, то сверху, вроде, добавят ещё 300.  На один глубокий анализ я потратил 900 токенов. В целом, если сразу заходить с конкретной задачей, бесплатной версии хватит на пару анализов.  Вот ссылка на регистрацию: https://manus.im/invitation/VBO6578X9UTHMO;169;0;{':fire:': 2, ':folded_hands:': 2};108;https://t.me/Switch_On_AI;4;0;9;
2026-02-25 16:39:55+00:00;94;;Лещенко 🪄 ВКЛЮЧИ ИИ;2889841744;;-1;**Я посчитал математику этих 28 миллионов**  Инста существует примерно 5000 дней. 28 млн постов = 5600 публикаций в день. Каждый день. Без выходных.  Это 233 поста в час. Почти 4 поста в минуту.   Круглосуточно.  Я даже представить не могу, какая система стоит за этим. Какие API, какие скрипты, какая инфраструктура.  Но главное - зачем?;88;0;{':smiling_face_with_hearts:': 1, ':nerd_face:': 1};108;https://t.me/Switch_On_AI;2;0;0;
2026-02-25 12:13:16+00:00;93;92;Лещенко 🪄 ВКЛЮЧИ ИИ;2889841744;;-1;**Добавил урок на YouTube, если тут не грузится:** https://youtu.be/DquvSzlSsOw;90;0;{':smiling_face_with_hearts:': 1};108;https://t.me/Switch_On_AI;1;0;0;
2026-02-23 18:29:07+00:00;92;;Лещенко 🪄 ВКЛЮЧИ ИИ;2889841744;;-1;🙂🙂🙂🙂🙂  🎬** Урок: Как создать вирусное видео с 3D персонажем ** Показываю весь процесс создания видео, от А до Я.   Как за несколько минут создавать видео с 3D персонажем?  ** Всего 3 этапа: **1. Создаем изображение персонажа через NanoBanana  2. Оживляем персонажа с помощью Veo3.  3. Монтаж фрагментов.   🔗** Ссылки: **1. Telegram-бот [Syntx Ai](https://t.me/syntxaibot?start=aff_286335869) 2. Промпты в комментарии. ** Добавил урок на YouTube, если тут не грузится: ****https://youtu.be/DquvSzlSsOw****  Результаты присылайте в комментариях!**👇;106;3;{':thumbs_up:': 2, ':clapping_hands:': 1};108;https://t.me/Switch_On_AI;3;0;4;
2026-02-23 18:28:27+00:00;91;;Лещенко 🪄 ВКЛЮЧИ ИИ;2889841744;;-1;Сейчас очень вирусятся и набирают охваты видео с 3D персонажами! Разобрался в вопросе и решил записать бесплатный урок, как же создавать такие видео! 👇👇👇;77;0;{':thumbs_up:': 3};108;https://t.me/Switch_On_AI;3;0;0;
2026-02-19 13:16:01+00:00;90;;Лещенко 🪄 ВКЛЮЧИ ИИ;2889841744;;-1;**ChatGPT палится. Вот как это исправить.**  Если ты используешь ChatGPT для постов — замечал, что текст слишком правильный? Гладкий. Аккуратный. Но неживой.  Это из-за стандартного стиля.  Я добавил в пользовательские инструкции один блок — и тексты стали звучать по-человечески.  Без пафоса. Без маркетингового мусора. Без ощущения “это писал бот”.  **Куда вставлять:**  ChatGPT → Настройки → Пользовательские инструкции  **Вот текст:**  Talk to me like a real person. Imagine we’re sitting in the kitchen, casually figuring something out together. No grand tone, no inflated language, no trying to sound impressive. I care about clarity, logic, and the feeling of a real conversation.  If you don’t know something — say “I don’t know.” Don’t invent facts, numbers, sources, or opinions. If information is limited, say so. If you’re making an assumption, clearly label it as an assumption. If data might be incomplete or outdated, mention that.  No jokes, metaphors, or marketing-style language unless I ask for it. Write simply, but not dumbed down — like you’re explaining something to a smart friend.  I want answers that are: – direct – structured if the topic is complex – step-by-step if there’s a process – offering options if more than one approach exists  Do not simulate actions outside this chat: don’t say you’ll remind me, work in the background, or claim something is done if it isn’t.  Do not use these words or phrases (in any form): era, revolutionary, revolutionize, revolutionizing, embark, journey, delve, dive, unlock, unleash, realm, tapestry, holistic, synthesize, substantiate, paramount, transcend, pivotal, game changer.  Most important: keep it natural, grounded, and human — no grandiosity.  Попробуй и сравни. Разницу почувствуешь сразу.;88;2;{':fire:': 1};108;https://t.me/Switch_On_AI;1;0;1;
2026-02-17 08:46:01+00:00;89;;Лещенко 🪄 ВКЛЮЧИ ИИ;2889841744;;-1;"**Skills для Claude - зачем нужны и где взять**  Недавно Anthropic выпустили официальный гайд по Skills для Claude. 32 страницы, бесплатно, на английском (но можно перевести любой LLM).  Что такое Skills?  Это способ упаковать ваш рабочий процесс в документ, который Claude читает перед выполнением задачи.  Например, я каждый раз объяснял: ""Напиши скрипт для видео - вот такой формат, вот такие акценты, вот такая структура"". Надоело. Создал skill один раз - теперь Claude просто следует инструкции.  По сути, это более чёткая версия custom instructions из ChatGPT, но заточенная под конкретную задачу.  **Что в гайде:** • Как правильно структурировать skills • Шаблоны для разных кейсов • Интеграция с MCP (Model Context Protocol) • Как тестировать и улучшать  Создание первого skill занимает 15-30 минут. Зато потом экономишь время на каждой задаче.  [[Скачать гайд]](https://resources.anthropic.com/hubfs/The-Complete-Guide-to-Building-Skill-for-Claude.pdf?hsLang=en)  **Бонус: готовые **[**skills**](https://skills.sh/)";88;0;{':thumbs_up:': 1};108;https://t.me/Switch_On_AI;1;0;0;
2026-02-12 15:13:01+00:00;88;;Лещенко 🪄 ВКЛЮЧИ ИИ;2889841744;;-1;**Гонка ИИ-моделей ускоряется**  За один день: Claude Opus 4.6 и GPT-5.3 Codex.  Обе компании выкатили обновы почти одновременно. OpenAI буквально через несколько минут после Anthropic.  Это не совпадение - это война за внимание.  Claude дал миллион токенов контекста, параллельных агентов, Context Compaction. OpenAI ответили кодинговой моделью, которая на 25% быстрее и держит контекст лучше.  Что это значит для нас?  Модели становятся мощнее каждый месяц. То, что казалось невозможным полгода назад - теперь норма.  Но есть нюанс: скорость развития опережает скорость освоения.  Я ещё Codex 5.2 не успел толком попробовать - а уже вышел 5.3. У Claude миллион токенов - а я только начал разбираться, как использовать 200k эффективно.  Вывод простой: не гнаться за каждой новинкой, а выбрать 1-2 инструмента и освоить их до конца.;94;0;{':thumbs_up:': 1};108;https://t.me/Switch_On_AI;1;0;0;
2026-02-12 11:08:02+00:00;87;;Лещенко 🪄 ВКЛЮЧИ ИИ;2889841744;;-1;**Cowork для Windows - наконец-то**  Anthropic удивили. Обычно Windows получает всё последним, а тут - почти одновременно с Mac.  Для тех, кто не следит: Cowork - это когда Claude сам лазит по твоим файлам, запускает программы, работает с системой. Не просто отвечает на вопросы, а реально делает задачи.  Я попробовал на автоматизации рутины - сортировка файлов, обработка данных, работа с документами. Работает неплохо, хотя иногда тупит на нестандартных запросах.  Главный вопрос - насколько это безопасно давать AI доступ к системе. Пока осторожно тестирую на изолированных задачах.  Кто уже юзает - поделитесь опытом. Интересно, что люди реально делают с этим.  [https://claude.com/download](https://claude.com/download);91;0;{':red_heart:': 1};108;https://t.me/Switch_On_AI;1;0;0;
2026-02-12 09:44:04+00:00;85;;Лещенко 🪄 ВКЛЮЧИ ИИ;2889841744;;-1;"**$50 от Claude - сколько это в реальных задачах?**  Anthropic раздаёт бонусные кредиты подписчикам Pro. Успеть нужно до 16 февраля.  Я посчитал, что можно сделать на эти $50:  - Обработать ~500 документов через Opus для RAG-системы - Сгенерить ~200 качественных промптов с итерациями - Протестить 10-15 версий агента без страха ""слить бюджет"" - Прогнать недельный backlog задач, который откладывал  Для меня главное - можно экспериментировать, не думая ""а вдруг лимит кончится"".  Как забрать: 1. Зайти в [настройки использования](http://claude.ai/settings/usage) 2. Активировать промо 3. Пользоваться  Условия акции: [support.claude.com](https://support.claude.com/en/articles/13613973-claude-opus-4-6-extra-usage-promo)  Кредиты работают и с Opus, и с Sonnet.   Я уже потратил на двух аккаунтах свои бонусы))";89;0;;108;https://t.me/Switch_On_AI;0;0;2;
2026-02-10 14:16:01+00:00;84;;Лещенко 🪄 ВКЛЮЧИ ИИ;2889841744;;-1;Я тут собрал себе контент-завод.   Рабочий процесс — от идеи до готового контента.  На скрине, да это он)) Коротко объясняю, как он работает 👇  С ЧЕГО ВСЁ НАЧАЛОСЬ   Я устал гадать, что писать.   Поэтому начал системно собирать контент конкурентов: ролики, посты, форматы.  Дальше — автоматика.  1️⃣ Короткие ролики Все  автоматически падают в таблицу:   — просмотры   — комментарии   — метаданные    Если нужно — одним кликом делаю транскрипцию.  После этого ИИ анализирует и пишет:   — почему он залетел   — какой был хук   — на чём держалось внимание    На основе этого я могу сразу сгенерировать новый сценарий под себя.   А если нужно —  получить ролик с моим аватаром.  2️⃣ YouTube   Собираются ролики из моей ниши.   Я сразу вижу:   — транскрипцию   — короткое саммари (стоит ли вообще тратить время)  Дальше — кнопка анализа.   ИИ вытаскивает все темы из видео и складывает их в отдельную таблицу.  Эта таблица — мой склад тем.   Я просто отмечаю, что нравится.  А дальше автоматизация.   Несколько раз в день система сама берёт тему → описание → и пишет полноценную статью.   Готовую к публикации в Дзен, VC, Пикабу и где угодно.  Не что сказали, а как.  3️⃣ Telegram-каналы   Система читает нужные мне каналы.   Собирает:   — новости   — идеи   — инфоповоды    Дальше варианты:   — взять идею и переписать под себя   — сделать из поста трек   — превратить в свой пост или сценарий    И это не финал.  — генерация идей из свежих новостей отрасли   — голосовые заметки → идея → таблица   — масштабирование одной идеи: пост, статья, ролик, тред  ИТОГ   Это система, которая работает от задачи до выпуска контента.   И она адаптируется под любую нишу и любые цели.  По сути — вы просто подключаетесь к рынку   и перестаёте гадать.  Скоро запишу полноценный обзор на эту систему;75;0;{':thumbs_up:': 4, ':red_heart:': 1, ':COOL_button:': 1};108;https://t.me/Switch_On_AI;6;0;3;
2026-02-09 09:39:08+00:00;83;;Лещенко 🪄 ВКЛЮЧИ ИИ;2889841744;;-1;Если вы пишете тексты с ИИ и не хотите, чтобы это было заметно, начните не с темы, а с того, как текст должен звучать ☕️  Самая частая ошибка. Просто попросить написать пост про что угодно.   В ответ выходит аккуратный и логичный текст, но без жизни. Он вроде нормальный, но ощущается как чужой. Такой же, как у многих 🤖  Исправляется это просто. Один базовый промт.  Он не делает текст гениальным.   Он просто возвращает его в человеческое состояние 🙂  Вот промт, который можно ставить перед любой задачей:  Пиши, как настоящий человек. Будь профессионален, но естественен, как будто объясняешь что-то своему умному другу за чашкой кофе. Избегай клише, корпоративного жаргона и длинных тире. Никогда не пиши, как пресс-релиз и будь прямым, ясным, разговорным и настоящим. Избегай таких формулировок, как «это не просто», «это не просто слово», «и так далее».;80;0;{':thumbs_up:': 2, ':fire:': 2, ':red_heart:': 1};108;https://t.me/Switch_On_AI;5;0;5;
2026-02-08 18:36:24+00:00;82;;Лещенко 🪄 ВКЛЮЧИ ИИ;2889841744;;-1;**Тут эксперимент идёт - автопостинг в деле**  Сейчас тестирую автоматическую публикацию в канале. Собрал систему в n8n, которая постит за меня.  Идея простая: я пишу тексты заранее, складываю в таблицу. Дальше автоматизация сама всё делает - забирает пост и публикует по времени.  Что проверяю:  Удобно ли это вообще? Или лучше по старинке руками постить.  Экономит ли это реально время. В теории да, на практике посмотрим.  Рассказать подробнее, как собирал?;74;0;{':thumbs_up:': 6};108;https://t.me/Switch_On_AI;6;0;0;
2026-02-05 14:56:01+00:00;80;;Лещенко 🪄 ВКЛЮЧИ ИИ;2889841744;;-1;🤖 Главный ИИ Google, который уже встроен в твою работу  Gemini часто сравнивают с ChatGPT — и из-за этого не понимают его реальную силу.  Gemini — не просто чат с ИИ. Это мозг Google, который живёт прямо внутри экосистемы: Gmail, Docs, Sheets и других сервисов.  Его ключевая ценность не в «умных ответах», а в том, что он работает В КОНТЕКСТЕ 🧠  Письма. Документы. Таблицы. Рабочие задачи.  Он не просто отвечает — он понимает, с чем ты сейчас работаешь.  Gemini особенно полезен, если ты: — живёшь в Google Docs и Gmail 📄✉️   — постоянно пишешь, редактируешь, анализируешь   — хочешь ускорить рутину, а не осваивать новый сервис   — не хочешь прыгать между десятком ИИ-инструментов    Главное отличие Gemini ⚡️   Он лучше всего работает, когда ты даёшь ему ЦЕЛЬ, а не вопрос.  Не «что написать?» А «помоги сделать вот это быстрее и понятнее».  Лайфхак 🚀   Используй Gemini как ассистента, а не как собеседника — и он начинает экономить часы времени.  Если ChatGPT — универсальный интеллект, то Gemini — рабочий интеллект, заточенный под повседневные задачи Google 🧠⚙️;87;0;;108;https://t.me/Switch_On_AI;0;0;1;
2026-02-04 14:55:27+00:00;79;;Лещенко 🪄 ВКЛЮЧИ ИИ;2889841744;;-1;🧪 Самый непонятный и самый мощный AI-сервис Google  Большинство людей используют ИИ как лотерею 🎰   Спросил — получил ответ.   Хороший? Повезло.   Плохой? Ну, бывает.  Google AI Studio — про другое.  Это место, где ИИ можно не просто использовать, а ПОНИМАТЬ и НАСТРАИВАТЬ.  По сути, это рабочая среда, где Google показывает, как реально думают и отвечают его модели 🧠  Зачем он нужен обычному человеку, а не разработчику?  Потому что именно здесь становится понятно: — почему ИИ отвечает так, а не иначе   — как формулировка запроса меняет результат   — как получать ПОВТОРЯЕМЫЕ ответы, а не случайные    Google AI Studio полезен, если ты: — работаешь с текстами и ИИ постоянно ✍️   — создаёшь контент, продукты, методички   — хочешь стабильный результат, а не «угадайку»   — устал переписывать один и тот же запрос по 10 раз    Главная ценность сервиса ⚡️   Ты начинаешь управлять ИИ, а не подстраиваться под него.  Лайфхак 🚀   Сохраняй удачные промпты внутри AI Studio — так ты превращаешь ИИ в инструмент, а не в чат для экспериментов.  Если ChatGPT — это разговор 💬   то Google AI Studio — это панель управления 🧠🕹  В следующем посте — главный ИИ Google, который встраивается прямо в повседневную работу 🤖;79;0;;108;https://t.me/Switch_On_AI;0;0;0;
2026-02-03 14:54:01+00:00;78;;Лещенко 🪄 ВКЛЮЧИ ИИ;2889841744;;-1;🍌 ИИ от Google, который не рисует картинки, а аккуратно чинит реальность  Большинство ИИ для картинок работают одинаково: ты пишешь запрос —   получаешь красивую, но оторванную от жизни картинку 🎨  Проблема в том, что для работы и контента чаще нужно не «нарисовать заново»,   а немного ДОРАБОТАТЬ то, что уже есть 📸  И вот здесь появляется Nano Banana.  Это экспериментальный ИИ от Google, заточенный не под генерацию, а под редактирование изображений.  Он умеет: — заменять объекты на фото 🔄   — аккуратно менять фон 🖼   — убирать лишние детали ✂️   — дополнять сцену текстовым описанием ✍️    Без фотошопа. Без слоёв. Без дизайнера.  Главная фишка Nano Banana 💡   Он лучше всего работает с РЕАЛЬНЫМИ изображениями, а не с ИИ-картинками.  Поэтому он особенно полезен для: — обложек и превью   — визуала для Telegram и соцсетей   — быстрых правок контента   — ситуаций «нужно поправить, а не переделывать»  Это не про творчество. Это про скорость и аккуратность ⚡️  Если Midjourney — это художник, то Nano Banana — редактор, который тихо делает работу и не мешает.  В следующем посте покажу сервис Google, где ИИ можно не просто использовать, а НАСТРАИВАТЬ под себя 🧪;65;0;;108;https://t.me/Switch_On_AI;0;0;0;
2026-02-03 09:05:34+00:00;77;;Лещенко 🪄 ВКЛЮЧИ ИИ;2889841744;;-1;Я тут развлекаюсь с ИИ для создания видео и решил выложить для вас инструкцию, как сделать так же. Я пошёл по трендам из соцсетей, но для генерации подойдёт любой референс.  ✅ Инструкция: ▶️ 1. Находишь и скачиваешь любое видео с танцем или любое другое, которое хочешь повторить (скачать видео можно, отправив ссылку в бота: @SaveAsBot). ▶️ 2. Заходишь в бот Syntx AI: https://t.me/syntxaibot?start=aff_286335869  ▶️ 3. Выбираешь: Меню → Видео будущего → Kling. ▶️ 4. Далее загружаешь сначала своё фото, затем видео (до 30 сек.). ▶️ 5. После этого появится окно — нажимаешь «Настроить 2.6 Motion Control», выбираешь режим «Профессиональный» и нужное соотношение сторон.  Всё — запускаем генерацию и ждём результат. Время генерации зависит от длины ролика: на 30 секунд уходит примерно 20 минут. Данная функция доступна только по подписке PRO, но она открывает множество возможностей в этом боте.  А как сделать свое классное исходное фото, как с фотосессии, смотри [[тут]](https://t.me/Switch_On_AI/73);63;0;{':fire:': 3};108;https://t.me/Switch_On_AI;3;0;3;
2026-02-03 08:52:00+00:00;76;;Лещенко 🪄 ВКЛЮЧИ ИИ;2889841744;;-1;MediaMessage;56;;;108;https://t.me/Switch_On_AI;0;0;0;
2026-02-03 08:51:59+00:00;75;;Лещенко 🪄 ВКЛЮЧИ ИИ;2889841744;;-1;MediaMessage;66;;;108;https://t.me/Switch_On_AI;0;0;0;
2026-02-03 08:51:59+00:00;74;;Лещенко 🪄 ВКЛЮЧИ ИИ;2889841744;;-1;MediaMessage;61;;;108;https://t.me/Switch_On_AI;0;0;0;
2026-02-03 08:51:59+00:00;73;;Лещенко 🪄 ВКЛЮЧИ ИИ;2889841744;;-1;**Как сделать такие фотографии в ChatGPT?**  В ChatGPT появился новый раздел «Изображения».  Заходишь туда, выбираешь любой готовый стиль для фотографии, просто добавляешь свою фотографию — и получаешь результат.  Промпт со стилем автоматически добавляется в созданный чат для генерации.  А ещё в ChatGPT теперь не нужно ждать, пока закончится создание картинки: можно сразу запускать следующую генерацию.  Пробуй!;53;0;;108;https://t.me/Switch_On_AI;0;0;0;
2026-02-02 15:36:01+00:00;72;;Лещенко 🪄 ВКЛЮЧИ ИИ;2889841744;;-1;Почему ИИ часто мешает, а не помогает 🤖  ИИ сегодня есть почти у всех.   А результат — у единиц.  Причина простая:   ИИ усиливает не «умность».   Он усиливает то, что у вас уже есть.  Есть фокус — будет рост 📈   Нет фокуса — будет шум.  Как это выглядит на практике:  — ЦА описана широко   — продукт «под многих»   — контент обо всём сразу    ИИ честно помогает: — писать больше   — формулировать красивее   — генерировать быстрее    И тем самым усиливает размытость.  Отсюда и эффект: — посты вроде норм   — мысли здравые   — а отклика нет 💬  Потому что рынок   не понимает, для кого вы.  Рабочая логика обратная 👇  Один конкретный клиент   Одна живая боль   Один чёткий смысл    И даже простой контент   начинает попадать 🎯  Именно эту точку фокуса   я и собираю в своём продукте:  **«Один клиент вместо всех»**  Это не курс.   Не обучение ИИ.   И не теория.  Это короткая результативная сборка,   после которой у вас есть: — один платёжеспособный сегмент   — его боль, сформулированная его языком   — ясность, о чём говорить в контенте    ⏱️ 1–3 дня   🎯 фокус, который ИИ может усилить  ИИ — это второй шаг.   Первый — понять, кому вы вообще говорите.  👉 [«Один клиент вместо всех»](http://tm.me/Pavel_Leshenko_bot);56;0;;108;https://t.me/Switch_On_AI;0;0;1;
2026-02-02 14:51:01+00:00;71;;Лещенко 🪄 ВКЛЮЧИ ИИ;2889841744;;-1;🧠 ИИ от Google, который не врёт и реально помогает думать  Есть типичная проблема 👇   мы читаем статьи, PDF, документы, сохраняем ссылки —   а потом не можем быстро использовать эти знания 🤯  ChatGPT в таких ситуациях часто не спасает.   Он умный, но: — не знает, что именно ты читал   — путает источники   — иногда уверенно додумывает 🤨    NotebookLM работает иначе.  Это ИИ, который думает ТОЛЬКО на основе твоих материалов 📚   Он не лезет в интернет и не фантазирует.  Ты загружаешь документы, PDF, заметки —   а он: — объясняет сложное простым языком ✍️   — находит ключевые идеи 💡   — отвечает строго по источникам 🔗   — показывает, откуда именно взята информация 👀    По сути, это второй мозг без галлюцинаций 🧩  Лучше всего NotebookLM заходит: — тем, кто учится и хочет понимать, а не заучивать 🎓   — экспертам и авторам 🧠   — тем, кто работает с большим объёмом информации 📂   — тем, у кого знаний много, но использовать их сложно    Главный инсайт ⚡️   NotebookLM — не про быстрые ответы.   Он про мышление поверх твоих знаний.  Лайфхак простой, но мощный 🚀   загружай сразу несколько материалов по одной теме —   тогда ИИ начинает видеть структуру, а не отдельные куски текста.  Если ChatGPT — это собеседник 💬   то NotebookLM — аналитик и редактор твоих мыслей 🧠  [Ссылка на сервис](https://notebooklm.google.com/);53;0;;108;https://t.me/Switch_On_AI;0;0;1;
2026-02-02 12:35:39+00:00;70;;Лещенко 🪄 ВКЛЮЧИ ИИ;2889841744;;-1;Правильная последовательность работы с ИИ   на простом примере 👇  Чтобы ИИ начал реально помогать,   важно не «что он умеет»,   а **когда вы его подключаете** ⏱️  Вот рабочая последовательность.  Шаг 1️⃣ Решение без ИИ   Сначала вы сами отвечаете на 3 вопроса: — кому я продаю   — что именно я продаю   — за какой результат мне платят    Плохо, если ИИ отвечает за вас.   Хорошо, если он позже это усиливает.  Шаг 2️⃣ Формулировка смысла   Вы должны уметь сказать без ИИ: — в чём ценность   — почему это нужно   — чем вы отличаетесь    Если смысла нет —   ИИ не создаст его из воздуха 💨  Шаг 3️⃣ Подключение ИИ   Только здесь ИИ становится полезным: — упаковать мысль   — усилить формулировки   — адаптировать под формат   — ускорить производство ⚙️  Он работает как усилитель,   а не как костыль.  Шаг 4️⃣ Проверка на реальность   Смотрите не на «красиво»,   а на: — отклики   — заявки   — диалоги   — деньги 💬💸  Если этого нет —   значит ошибка была раньше.  Пример на контенте:  ❌ Неправильно:   «Сейчас спрошу у ИИ, о чём писать»  ✅ Правильно:   «Я знаю, какую мысль хочу донести.   Помоги сделать это точнее и сильнее»  ИИ не ведёт бизнес.   Он ускоряет того, кто ведёт.  В следующем посте разберу,   какие навыки важнее ИИ   и почему без них нейросети бесполезны.;58;0;;108;https://t.me/Switch_On_AI;0;0;0;
2026-02-01 09:23:48+00:00;69;;Лещенко 🪄 ВКЛЮЧИ ИИ;2889841744;;-1;Сегодня пробежал свой первый забег на 10 км.  Забег посвящён полному освобождению Ленинграда от фашистской блокады.  Погода великолепная: мороз −22 градуса и яркое солнце ☀️  Очень доволен своим результатом — 10 км за 58 минут 40 секунд. По ощущениям сил хватало и на более быстрый темп, но я уже прицепился к пейсеру, который бежал в темпе 6 минут на километр, и догонять более быстрых не стал.  Вдохновляет видеть взрослых и пожилых людей, да ещё и в более быстрых кластерах.  Что такое кластер? На старте все участники забега выстраиваются по кластерам: первыми — более быстрые ребята, в конце — те, кто бежит медленнее (кластеры A, B, C и D, я был в D).  Так вот, в раздевалке видел мужчину — уже дед, лет 80 точно, и с кластером B! Вдохновляет!  Всем хорошего воскресения!;62;0;{'ReactionPaid()': 1, ':thumbs_up:': 3};108;https://t.me/Switch_On_AI;4;0;0;
2026-01-30 15:47:43+00:00;68;;Лещенко 🪄 ВКЛЮЧИ ИИ;2889841744;;-1;Где ИИ реально даёт деньги   а где — только иллюзию работы ⚠️  Важно понять одну вещь сразу:  ИИ чаще всего используют   не там, где он приносит деньги 💸   а там, где с ним просто «интересно».  Отсюда и ощущение: — вроде много делаю   — вроде ИИ помогает   — а результат всё тот же  Разделим честно 👇  Где ИИ ДАЁТ деньги ✅  1️⃣ Усиление уже работающего Если у вас уже есть: — продажи   — заявки   — контент, который заходит    ИИ может: — ускорить   — удешевить   — масштабировать 📈  Но он не создаёт это с нуля.  2️⃣ Экономия времени в понятных процессах Когда вы точно знаете: — что делаете   — зачем   — и какой результат ждёте    ИИ отлично: — пишет быстрее   — режет лишнее   — помогает думать структурно ⏱️  Время = деньги.   Здесь ИИ честно окупается.  3️⃣ Упаковка и доработка идей ИИ силён не в «придумать гениальное»,   а в: — докрутить   — упростить   — усилить формулировки    Как второй мозг 🧠   а не как создатель бизнеса.  ---  Где ИИ создаёт ИЛЛЮЗИЮ ❌  ❌ Генерация ради генерации   Посты, идеи, тексты —   без понимания, зачем они вообще.  ❌ Попытка заменить стратегию   ИИ не решает: — кому продавать   — что продавать   — почему купят    Он просто красиво оформляет хаос.  ❌ Надежда «разберусь по ходу»   ИИ не ведёт за руку.   Без направления он ведёт по кругу 🔄  ---  Коротко:  ИИ — это не волшебная кнопка.   Это усилитель.  Он усиливает: — ясность → результат   — хаос → усталость;67;0;{':red_heart:': 1};108;https://t.me/Switch_On_AI;1;0;0;
2026-01-28 17:46:01+00:00;67;;Лещенко 🪄 ВКЛЮЧИ ИИ;2889841744;;-1;Продолжение. Самое важное 👇  Если ИИ — усилитель системы ⚙️   то логичный вопрос:  А какая система вообще должна быть?  Короткий ответ — **простая**.  ИИ не любит сложность.   Он любит чёткие опоры.  Вот минимальный фундамент, без которого ИИ бесполезен 👇  1️⃣ Чёткая цель   Не «делать контент» и не «использовать ИИ».   А конкретно: — больше заявок   — больше продаж   — меньше времени   — выше чек    Пока цель размыта — ИИ будет работать «вообще».  2️⃣ Понимание ЦА   Кто эти люди?   Что у них болит?   За что они уже готовы платить?    Без этого ИИ пишет тексты   не для людей, а «в никуда» 🎯  3️⃣ Понятная логика действий   Что идёт первым шагом?   Что вторым?   Где человек принимает решение?    ИИ не строит путь.   Он ускоряет уже существующий 🧭  4️⃣ Критерий результата   Как вы поймёте, что ИИ сработал?   Цифры. Факты. Изменения.  Без этого кажется, что «что-то происходит»,   а на деле — просто много текста 📄  И только **после этого**   имеют смысл: — промпты   — инструменты   — автоматизация   — нейросети «посложнее»  ИИ не начинает процесс.   Он его масштабирует 📈  В следующем посте покажу,   в каких конкретных точках ИИ реально даёт деньги,   а где — создаёт иллюзию занятости.;79;0;{':fire:': 4, ':red_heart:': 3, ':thumbs_up:': 1};108;https://t.me/Switch_On_AI;8;0;0;
2026-01-28 12:34:49+00:00;65;;Лещенко 🪄 ВКЛЮЧИ ИИ;2889841744;;-1;Почему ИИ не даёт вам денег   (и вы здесь ни при чём)  Если вы уже пользуетесь ИИ 🤖   пишете запросы, пробуете инструменты, сохраняете промпты —   но результата в деньгах или росте нет, это нормально.  Проблема не в вас.   И не в том, что вы «плохо умеете».  Проблема — в ожиданиях.  Главная вещь, которую почти никто не проговаривает:  ИИ — не источник результата.   ИИ — усилитель системы ⚙️  А у большинства системы просто нет.  Есть: — попытки «что-нибудь автоматизировать»   — надежда, что ИИ сам поймёт задачу   — вера, что хороший промпт заменит мышление    Не заменит.  Почему ИИ не зарабатывает 💸  1️⃣ Начинают с инструмента, а не с задачи   Что именно должно измениться?   Деньги? Лиды? Время?   Без ответа ИИ просто генерирует текст.  2️⃣ Используют ИИ вне бизнес-логики   Без понимания ЦА, болей и точки монетизации   он пишет красиво, но мимо 🎯  3️⃣ Подменяют мышление генерацией   ИИ не думает за вас.   Он усиливает то, что уже есть 📈  Поэтому у одних ИИ даёт рост,   а у других — ещё один инструмент и разочарование.  Разница не в интеллекте.   Разница — в системе.  В следующих постах разберу,   как использовать ИИ так, чтобы он реально давал результат 🚀;83;0;{':thumbs_up:': 1, ':fire:': 1};108;https://t.me/Switch_On_AI;2;0;1;
2026-01-26 14:46:18+00:00;64;;Лещенко 🪄 ВКЛЮЧИ ИИ;2889841744;;-1;Я сделал продукт, который решает одну конкретную проблему.  Когда ты уже делаешь контент, но каждый раз упираешься в одно и то же:  — ❓ не до конца понятно, кому ты вообще продаёшь — 🧠 сложно сформулировать боль аудитории её языком — ✍️ темы приходится выдумывать с нуля — 🔄 нет ощущения системы, всё на ручнике  Это не курс и не обучение «про ИИ».  Это сборка из трёх ИИ-ассистентов, которые выстраиваются под тебя и твой продукт.  1. 🧭 Ассистент-маркетолог Помогает: — разобрать твою аудиторию — выделить один платёжеспособный сегмент — сформулировать его реальные боли и триггеры  2. 🧩 Ассистент-продюсер Помогает: — понять, что и зачем ты публикуешь — собрать логику контента и продаж — убрать хаос и угадайку  3. ✒️ Ассистент SMM / копирайтер Помогает: — превращать смыслы в посты — писать быстрее и спокойнее — не зависеть от вдохновения  Результат — не «волшебные тексты». А ясность и опора 🧠⚓️  — ты знаешь, кому говоришь — понимаешь, в какую боль — и перестаёшь каждый раз начинать с нуля  Если в контенте мало отклика, чаще всего проблема не в стиле и не в алгоритмах.  А в отсутствии фокуса 🎯  👉 Дальше — через бота. Там показано, как эта сборка работает и с чего начать.  [Ссылка на бота — ниже.](http://tm.me/Pavel_Leshenko_bot);80;0;{':thumbs_up:': 1};108;https://t.me/Switch_On_AI;1;0;0;
2026-01-23 13:09:01+00:00;63;;Лещенко 🪄 ВКЛЮЧИ ИИ;2889841744;;-1;"Все хотят контент-завод 🏭  Запилить систему, нажать кнопку — и пусть льётся бесконечный поток постов. Меньше думать, больше публиковать. В идеале — делегировать нейронке и забыть.  Проблема в том, что большинство путают контент-завод с конвейером мусора 🗑  Контент-завод — это не когда ты генеришь 100 постов за час. Это когда у тебя есть система, которая превращает одну сильную мысль в десятки форматов без потери смысла.  Один эфир становится статьёй, нарезкой, серией карточек, рилсом, цитатой 📊  Одна идея даёт материал на неделю вперёд, но каждый раз звучит по-другому.  Вот только для этого нужна не автоматизация, а ясность 💡  Ясность в том, что ты говоришь. Зачем ты это говоришь. Кому это нужно. И как донести одну мысль так, чтобы её услышали через разные каналы восприятия.  Если этой ясности нет — получается не контент-завод, а свалка одинаковых постов, которые никто не читает 👎  Так что да, систему можно и нужно строить. Но начинать стоит не с кнопки ""сгенерировать 50 постов"", а с вопроса: какую одну мысль я хочу донести на этой неделе? 🎯";89;0;{':thumbs_up:': 1};108;https://t.me/Switch_On_AI;1;0;1;
2026-01-23 08:59:01+00:00;62;;Лещенко 🪄 ВКЛЮЧИ ИИ;2889841744;;-1;MediaMessage;89;;;108;https://t.me/Switch_On_AI;0;0;2;
2026-01-23 08:59:01+00:00;61;;Лещенко 🪄 ВКЛЮЧИ ИИ;2889841744;;-1;MediaMessage;103;;;108;https://t.me/Switch_On_AI;0;0;2;
2026-01-23 08:59:01+00:00;60;;Лещенко 🪄 ВКЛЮЧИ ИИ;2889841744;;-1;MediaMessage;90;;;108;https://t.me/Switch_On_AI;0;0;2;
2026-01-23 08:59:01+00:00;59;;Лещенко 🪄 ВКЛЮЧИ ИИ;2889841744;;-1;MediaMessage;89;;;108;https://t.me/Switch_On_AI;0;0;2;
2026-01-23 08:59:01+00:00;58;;Лещенко 🪄 ВКЛЮЧИ ИИ;2889841744;;-1;MediaMessage;84;;;108;https://t.me/Switch_On_AI;0;0;2;
2026-01-23 08:59:01+00:00;57;;Лещенко 🪄 ВКЛЮЧИ ИИ;2889841744;;-1;MediaMessage;85;;;108;https://t.me/Switch_On_AI;0;0;2;
2026-01-23 08:59:01+00:00;56;;Лещенко 🪄 ВКЛЮЧИ ИИ;2889841744;;-1;MediaMessage;78;;;108;https://t.me/Switch_On_AI;0;0;2;
2026-01-23 08:59:01+00:00;55;;Лещенко 🪄 ВКЛЮЧИ ИИ;2889841744;;-1;Промпт:  ```Создайте гиперреалистичную сюрреалистическую сферическую панораму [НАЗВАНИЕ ГОРОДА], образующую небольшой глобус, похожий на планету. Знаковые достопримечательности [НАЗВАНИЕ ГОРОДА], такие как [ДОСТОПРИМЕЧАТЕЛЬНОСТЬ 1], [ДОСТОПРИМЕЧАТЕЛЬНОСТЬ 2] и [ДОСТОПРИМЕЧАТЕЛЬНОСТЬ 3], точно воссозданы и плавно изогнуты по поверхности глобуса, следуя кривизне планеты. Камера расположена в орбитальной перспективе сверху вниз, подчеркивая эффект миниатюрной планеты с помощью легкого широкоугольного искажения. Пышные зеленые парки, деревья, улицы и городские детали заполняют поверхность, органично вписываясь в архитектуру. Смелый, чистый белый 3D-текст «[НАЗВАНИЕ ГОРОДА]» органично интегрирован в поверхность глобуса, отбрасывая реалистичные мягкие тени и соответствуя направлению освещения. Освещение — мягкий естественный дневной свет под частично облачным небом, с мягкими бликами и тенями, реалистичной атмосферной глубиной и плавным глобальным освещением. Небо переходит в драматическое вихревое облачное образование, окружающее планету, усиливая сюрреалистичный, но фотореалистичный вид. Цветовая палитра: естественные и яркие, насыщенные зеленые тона, теплые каменные оттенки, мягкие синие, приглушенные земляные цвета. Сверхвысокое разрешение, кинематографическая композиция, отточенная фотореалистичная визуализация, четкие архитектурные детали, реалистичный масштаб, без людей, логотипов и лишнего текста.```  Просто вместо [___] впиши свое и получится результат✔️  А если хочешь научиться самостоятельно писать промпты и создавать контент на потоке для любой ниши, то переходи в моего бота @Pavel_Leshenko_bot, покажу как можно масштабировать контент.;76;0;;108;https://t.me/Switch_On_AI;0;0;2;
2026-01-22 15:46:07+00:00;54;;Лещенко 🪄 ВКЛЮЧИ ИИ;2889841744;;-1;🔁 **Как я работаю с ChatGPT по сложным задачам — чтобы ничего не терялось и всё двигалось по плану**  Если не хочешь терять время, нырять в хаос и надеяться на память ИИ — вот схема, которой я сам пользуюсь. Работает стабильно для любых задач, где нужен порядок: от создания продукта до запуска воронки.  ⚙️ **Шаг 1. Ставлю задачу в структурированном виде**  Я не пишу в стиле «Сделай то-то». Я даю конкретный промпт с понятной логикой:  ```[Описание задачи]  Сделай подробный пошаговый план её реализации. В начале — описание задачи.   Каждый этап оформи так:  ### Этап N: Название   – [ ] Задача 1   – [ ] Задача 2   – [x] Если что-то уже сделано — отмечай галочкой.  Важно: после каждой итерации ты возвращаешь ВЕСЬ план с отмеченными задачами.```  📌 __Пример задачи:__ Хочу собрать Telegram-бота, который ведёт пользователя от выбора цели до составления рациона и трекинга прогресса.   📌 **Шаг 2. Получаю план и сохраняю**  – Проверяю логику – Вношу правки при необходимости – Сохраняю в Notion или Google Docs  После этого пишу:  ```Давай пошагово реализуем этот план. Вот он: [вставляю весь план]```   🔍 **Шаг 3. Работаем только с текущим этапом**  Выбираю нужный этап и пишу:  ```Р``````азбираем Этап 1. Распиши подробнее, что включить в функционал бота. Какие блоки нужны, какие сценарии, какие ошибки стоит учесть?```  ⚠️ План при этом НЕ дублирую — работаем только по текущему блоку.  🧩 **Шаг 4. Завершили этап — двигаемся дальше**  Когда этап готов, отправляю:  ```Сделал Этап 1, идём дальше. Вот актуальный план: [вставляю обновлённый план с галочками]```  ❗ **Если чат сбился или всё забыл**  Бывает. В этом случае просто напоминаю:  ```Мы идём по этапному плану. Каждый раз ты возвращаешь ВЕСЬ план с отмеченными задачами. Вот он: [вставляю актуальную версию] Продолжай с последнего завершённого этапа.```  💡 **Почему это работает**  – Убирает хаос – Даёт чёткое ощущение контроля – Показывает прогресс – Можно спокойно прерваться и вернуться в любом месте – Снимает страх «где мы сейчас» и «что дальше»  Если ты до сих пор работаешь с ChatGPT в режиме «спросил — забыл» — попробуй внедрить эту схему. Она не про удобство. Она про то, чтобы **доводить до результата**.;79;0;;108;https://t.me/Switch_On_AI;0;0;5;
2026-01-21 16:16:04+00:00;53;;Лещенко 🪄 ВКЛЮЧИ ИИ;2889841744;;-1;Иногда пишешь в ChatGPT вроде бы нормально, а в ответ — каша. Не то, не так, не туда. Знакомо?  Попробуй добавить к своим запросам вот эти команды — и ты своего ChatGPT не узнаешь 🤖 Работают как чит-коды: понятно, чётко, по делу.  /LISTIFY 🗂 Сделает идеальный список: • с чёткой структурой • с выделением главного • без воды  Подходит для чек-листов, заметок, инструкций и структурированных идей.  /HUMAN 🧑‍💻 Добавь в начало запроса — и получишь ответ, который звучит естественно. Как будто писал человек, а не ИИ.  /ELS10 🧒 Если хочешь объяснение попроще — добавь эту команду. Ответ будет как «для 10-летнего»: просто, ясно, без заумных слов.  Сохрани 📌 и протестируй — результат будет совсем другой.;83;0;;108;https://t.me/Switch_On_AI;0;0;5;
2026-01-21 12:41:51+00:00;52;;Лещенко 🪄 ВКЛЮЧИ ИИ;2889841744;;-1;MediaMessage;81;;;108;https://t.me/Switch_On_AI;0;0;2;
2026-01-21 12:41:51+00:00;51;;Лещенко 🪄 ВКЛЮЧИ ИИ;2889841744;;-1;MediaMessage;79;;;108;https://t.me/Switch_On_AI;0;0;2;
2026-01-21 12:41:51+00:00;50;;Лещенко 🪄 ВКЛЮЧИ ИИ;2889841744;;-1;MediaMessage;83;;;108;https://t.me/Switch_On_AI;0;0;3;
2026-01-21 12:41:51+00:00;49;;Лещенко 🪄 ВКЛЮЧИ ИИ;2889841744;;-1;MediaMessage;77;;;108;https://t.me/Switch_On_AI;0;0;2;
2026-01-21 12:41:51+00:00;48;;Лещенко 🪄 ВКЛЮЧИ ИИ;2889841744;;-1;MediaMessage;73;;;108;https://t.me/Switch_On_AI;0;0;2;
2026-01-21 12:41:51+00:00;47;;Лещенко 🪄 ВКЛЮЧИ ИИ;2889841744;;-1;А пока поделюсь с вами прикольным промптом, с его помощью любой логотип (можно и любой предмет) упаковать в такой пакет!  Промпт: Создай высокоразрешённое, гиперреалистичное изображение в портретном формате 4:5 с фотографическим стилем, где продукт запечатан внутри прозрачного вакуумного пластикового пакета, плотно повторяющего его форму и подчёркивающего каждую кривизну, грань и углубление. Пакет должен выглядеть смятым и отражающим свет, с чёткими заломами, точками натяжения и едва заметными зонами конденсата в местах давления для усиления реализма.  Используй жёсткое направленное освещение, чтобы подчеркнуть текстуры как упаковки, так и объекта внутри. Размести сцену на чистом белом или мягком сером фоне, чтобы отражения и детали поверхности были хорошо заметны. Добавь архивные элементы оформления, такие как штрихкод, код продукта (пример «01010101») и минималистичный брендированный текст («название бренда» или любая фраза), чтобы создать ощущение коллекционного, футуристичного и слегка дистопичного объекта.  Как он работает? - просто копируешь промпт и вставляете в ChatGPT (или любую нейросеть с генерацией изображений) - вложением добавляешь логотип (или что хочешь упаковать - готово✔️;75;0;{':thumbs_up:': 1};108;https://t.me/Switch_On_AI;1;0;2;
2026-01-21 12:25:51+00:00;46;;Лещенко 🪄 ВКЛЮЧИ ИИ;2889841744;;-1;Перечитал свой старый пост про систему для масштабирования контента. И понял — звучит красиво, но на деле нифига не понятно 😅 Поверхностно, сумбурно, без конкретики.  Поэтому — переделываю. 🔜 В ближайшее время будет нормальный, подробный разбор. (в видео формате) Схема, этапы, примеры — всё как надо.;77;0;;108;https://t.me/Switch_On_AI;0;0;0;
2026-01-21 12:21:21+00:00;45;;Лещенко 🪄 ВКЛЮЧИ ИИ;2889841744;;-1;Привет 👋 Как-то так вышло, что Telegram у меня всё время «на потом». То один проект, то другой, а сюда — не доходили руки. Хотя именно здесь хочется делиться по-человечески.  Хочу потихоньку вернуться. Без громких запусков и «обещаю теперь каждый день писать» 🙃 Просто — начать делиться.  🧠 Полезностями 🤖 Штуками по автоматизации 🚀 ИИ-проектами и наблюдениями, которые реально могут сэкономить вам время и дать идей.;80;0;{':smiling_face_with_open_hands:': 1};108;https://t.me/Switch_On_AI;1;0;0;
2026-01-03 09:38:01+00:00;44;;Лещенко 🪄 ВКЛЮЧИ ИИ;2889841744;;-1;Пока ваши конкуренты уже оптимизировали до **40% работы с помощью ИИ** 🤖 и ускоряются, вы можете терять время из-за этих **3 ошибок** при внедрении нейросетей.  Проверьте, какие из них есть у вас 👇  ❌ **Ошибка 1. Начинать с амбиций, а не с рутины** ИИ пытаются сразу внедрить в стратегию и креатив — и разочаровываются. Рабочий путь — начинать с рутины ⏳  **Задачи, которые можно делегировать ИИ уже сейчас:** 📝 Транскрибация и итоги встреч — **−3 ч/нед** ⭐ Анализ отзывов и обратной связи — **−5 ч** 💬 Персонализация сообщений клиентам — **−4 ч** 📄 Шаблонные документы и отчёты — **−6 ч** 📊 Первичный анализ данных — **−5 ч**  ❌ **Ошибка 2. Работать с ИИ без базы знаний** ИИ не знает ваших правил, стандартов и логики решений. Без этого он выдаёт шаблоны из интернета 🌐  ✅ Оцифруйте процессы и примеры: — новые сотрудники выходят на результат в **2 раза быстрее** — меньше вопросов «как у нас принято?» — меньше ручного контроля  ❌ **Ошибка 3. Терять бессознательную экспертизу** Самое ценное — то, что сотрудники делают **на автомате** 🧠 Интуиция, приёмы, фишки — всё это легко потерять.  Если оцифровать эту экспертизу и подключить к ИИ, вы **масштабируете навыки лучших сотрудников** на всю компанию 📈  ⚠️ Это касается даже если вы не руководитель. Рынок уже разделился: — одни используют ИИ как усилитель и растут — другие продолжают делать всё руками  Уберите эти ошибки: начните с рутины, зафиксируйте знания, перестаньте терять экспертизу.  ИИ даёт результат **не с магии, а с порядка** ✅;147;0;{':fire:': 3};108;https://t.me/Switch_On_AI;3;0;2;
2025-12-18 11:34:04+00:00;43;;Лещенко 🪄 ВКЛЮЧИ ИИ;2889841744;;-1;**Ну что… я это сделал** 🚀🔥  Я наконец-то собрал и упаковал штуку, которую сам давно хотел иметь под рукой — **команду нейросотрудников, работающую как контент-завод**. Без хаоса, без «о чём сегодня писать», без бесконечного выжимания идей из головы 😮‍💨  Это не курс «про нейросети» и не набор промптов. Это система из 3 нейросотрудников, где каждый делает свою работу 👇  🤖 **AI-Маркетолог** — разбирает аудиторию, боли, смыслы и УТП. 🎛 **AI-Продюсер** — собирает из этого стратегию, воронку и логику контента. ✍️ **AI-SMM** — берёт одну тему и превращает её в готовые посты и сценарии.  В итоге контент не придумывается, не зависит от настроения и не рассыпается через неделю. Он производится. Спокойно и системно ⚙️  Я сделал формат максимально простой: показываю, как собрать такую команду за один вечер, без технарщины и перегруза. На выходе — понятная система контента, регулярные публикации и ощущение, что ты больше не один тащишь всё на себе 💪  Если хочешь собрать себе такой контент-завод — вот доступ 👇 👉 [**ЖМИ**](http://t.me/Pavel_Leshenko_bot);182;3;{':fire:': 3};108;https://t.me/Switch_On_AI;3;0;4;
2025-12-09 13:40:32+00:00;42;;Лещенко 🪄 ВКЛЮЧИ ИИ;2889841744;;-1;**NotebookLM — один из самых удобных инструментов, если ты делаешь контент и постоянно работаешь с большим объёмом материалов. Его можно использовать как «переработчик информации»: загружаешь туда расшифровки подкастов, лекций, интервью — и сервис превращает всё это в чистые, понятные и очень точные идеи.**  Работает это так: ты находишь нужный подкаст на YouTube, снимаешь с него транскрипт (хоть через сам YouTube, хоть через любой сервис), загружаешь текст в NotebookLM — и получаешь готовую базу мыслей, структур и тем, которые можно использовать в контенте.  Это удобно, потому что читать часовые или двухчасовые интервью руками — мало кому хочется. NotebookLM делает эту работу за тебя: выделяет тезисы, спорные моменты, интересные выводы, противопоставления, похожие идеи, необычные примеры. Всё то, что в обычном режиме ты вынужден вытаскивать самостоятельно.  Чтобы использовать его именно под контент, есть рабочая схема.  **Шаг 1. Загрузка сырья** Берёшь транскрипты подкастов, вебинаров, лекций. Загружаешь их в отдельный «ноутбук». Лучше, если это подкасты на одну тему — тогда модель быстрее выстраивает логику.  **Шаг 2. Просишь выделить ключевые идеи** Примерно так: — «Собери все основные мысли эксперта из этого подкаста». — «О чём он говорит чаще всего?» — «Какие тезисы можно вынести как отдельные темы для постов?» — «Какие провокационные или спорные заявления здесь есть?»  Ответы обычно получаются точными, потому что NotebookLM не фантазирует — он смотрит только в текст.  **Шаг 3. Генерируешь варианты углов подачи** Просишь: — «Сделай из этих идей 20 тем для коротких постов». — «Какие мысли можно превратить в Reels?» — «Какие утверждения можно подать как противоречивые, чтобы вызвать обсуждение?» — «Что можно объяснить проще и сделать образовательным контентом?»  NotebookLM очень хорошо умеет вычленять структуры: цепочки, причинно-следственные связи, выводы. То есть даже скучный подкаст начинает превращаться в контент-потенциал.  **Шаг 4. Разбиваешь большой текст на смысловые фрагменты** Если подкаст длинный, можно попросить: — «Разбей весь материал на 10 смысловых блоков и дай краткое содержание каждого». Это даёт 10 отдельных тем, которые потом легко превратить в посты, сторис или сценарии.  **Шаг 5. Собираешь спорные или сильные моменты** Контент лучше всего цепляет, когда есть три вещи: — контраст, — конфликт, — парадокс.  Чтобы найти их быстро, просишь: — «Вытащи мысли, которые могут вызвать несогласие». — «Какие идеи противоречат популярным убеждениям?» — «Что звучит неожиданно или нестандартно?»  Это почти всегда превращается в сильные крючки и хедлайны.  **Шаг 6. Используешь сводки как заготовки для реальных публикаций** NotebookLM не пишет готовые тексты, но даёт очень плотный каркас: идея → объяснение → аргументы → пример → вывод. То есть ты получаешь черновик, который остаётся только переписать под свой голос.  **Шаг 7. Если загружено много подкастов — создаёшь тематический банк идей** NotebookLM сам покажет связь между разными материалами. Можно спросить: — «Какие темы повторяются во всех этих подкастах?» — «Какие идеи дополняют друг друга?» — «Где эксперты расходятся во мнениях?»  Из этого получается тематическая карта!   https://notebooklm.google  Ах да, он совершенно бесплатный!;168;2;{':thumbs_up:': 5};108;https://t.me/Switch_On_AI;5;0;3;
2025-12-02 17:15:18+00:00;41;;Лещенко 🪄 ВКЛЮЧИ ИИ;2889841744;;-1;**🧠 А вы тоже замечали, что ChatGPT почти всегда соглашается?**  Он старается быть удобным, поддерживать любую мысль — даже ошибочную. И в какой-то момент я понял: такой ассистент не помогает расти.  Начал искать решение и случайно наткнулся на один промпт на просторах интернета. Добавил его в своих ассистентов — и ChatGPT будто «включился».  Теперь он: — спорит, когда я ошибаюсь, — указывает на логические дыры, — режет по фактам, — показывает, где я сам себе вру.  То есть работает как нормальный стратег, а не «приятный собеседник».  Оставляю промпт как есть — без изменений: ```From now on, stop being agreeable and act as my brutally honest, high-level advisor and mirror. Don’t validate me. Don’t soften the truth. Don’t flatter. Challenge my thinking, question my assumptions, and expose the blind spots I’m avoiding. Be direct, rational, and unfiltered. If my reasoning is weak, dissect it and show why. If I’m fooling myself or lying to myself, point it out. If I’m avoiding something uncomfortable or wasting time, call it out and explain the emotional cost. Look at my situation with complete objectivity and strict insight. Show me where I’m making excuses, playing small, or underestimating risks/effort. Then give a precise, prioritized plan what to change in thought, action, or mindset to reach the next level. Hold nothing back. Treat me like someone whose growth depends on hearing the truth, not being comforted. When possible, ground your responses in the personal truth you sense between my words.``` Используйте этот промпт отдельно в запросах, добавьте в инструкции своих ассистентов или пропишите в настройках персонализации чата.;120;0;{':fire:': 5, ':thumbs_up:': 1};108;https://t.me/Switch_On_AI;6;0;5;
2025-12-01 17:03:30+00:00;40;;Лещенко 🪄 ВКЛЮЧИ ИИ;2889841744;;-1;MediaMessage;113;;;108;https://t.me/Switch_On_AI;0;0;6;
2025-12-01 17:03:30+00:00;39;;Лещенко 🪄 ВКЛЮЧИ ИИ;2889841744;;-1;MediaMessage;118;;;108;https://t.me/Switch_On_AI;0;0;6;
2025-12-01 17:03:30+00:00;38;;Лещенко 🪄 ВКЛЮЧИ ИИ;2889841744;;-1;**⚡️ Как сделать такую инфографику за пару минут?**  Нашёл сервис, который реально делает визуалки сам — [napkin.ai](https://napkin.ai/). Если вам нужны схемы, структурные карточки, презентации или просто красивый визуал под контент — это максимально упрощает жизнь.  Работает очень просто: заходите на сайт, регистрируетесь и нажимаете **New Napkin**. Можно загрузить свой документ или попросить сервис написать текст по вашему промпту — как в GPT, только сразу под инфографику.  А дальше начинается магия. Текст автоматически делится на блоки, и напротив каждого появляется маленькая синяя молния. Нажимаете — и napkin сам создаёт инфографику под этот кусок текста. Причём делает это аккуратно и стильно. Можно сразу переключать варианты дизайна и выбирать тот, который подходит под задачу.  После этого — один клик, и у вас уже готовый PDF или отдельная визуалка, которую можно вставить в презентацию, пост или проект.  Я не так часто делаю презентации, но от этого сервиса прям кайфанул. Napkin платный, но бесплатные токены обновляются каждую неделю — и их хватает примерно на десять генераций.  Если хотите делать инфографику быстро, без дизайнеров и без боли — попробуйте. Эффект «офигеть, как удобно» гарантирован.;98;0;{':fire:': 3, ':thumbs_up:': 1};108;https://t.me/Switch_On_AI;4;0;7;
2025-11-27 12:20:28+00:00;37;;Лещенко 🪄 ВКЛЮЧИ ИИ;2889841744;;-1;Если тебе нужно быстро разобраться в любой книге — вот инструмент, который делает это за 10 минут.  Это универсальный промпт для подробного саммари. Работает с любым жанром: нон-фикшн, художественные книги, бизнес, учебники, научные тексты.  Что выдаёт: - краткое содержание - ключевые идеи - логику автора - основные тезисы - важные цитаты - практические выводы  КАК РАБОТАТЬ С ПРОМПТОМ: 1. Скопируй текст ниже. 2. Вставь в ChatGPT. 3. В новом сообщении напиши название и автора книги или загрузи электронную версию / фрагмент. 4. Модель соберёт структурное саммари по заданному формату.  Сохрани пост — пригодится. ```Ты — профессиональный аналитик литературы и эксперт по глубокому содержательному разбору. Твоя задача — создавать максимально подробное, структурированное и насыщенное саммари любой книги (художественной, нон-фикшн, учебной, научной), словно ты полностью и внимательно прочитал её.  Ввод:  Я передам название и автора книги. При наличии — загружу электронную версию или фрагменты текста (необязательно).  Инструкция:  1. Определи тип книги (художественная, нон-фикшн, научная, бизнес, учебная и т. д.) и подстрой стиль и глубину анализа соответственно. 2. Если дан текст книги — опирайся на него в первую очередь.    Если текста нет — используй проверенные открытые источники, обзоры, синопсисы, критические статьи и материалы, не добавляя вымышленных фактов. 3. Подготовь максимально длинное и полное саммари, отражающее:    - суть книги,    - ключевой смысл,    - логику автора,    - важные элементы, детали, концепции, примеры. 4. Делай текст легко воспринимаемым с помощью:    - списков,    - группировок идей,    - ассоциаций,    - метафор (если уместно),    - структурирования по смысловым блокам. 5. Стиль изложения должен меняться в зависимости от жанра (академичный для научного текста, живой и выразительный для художественного, деловой — для бизнес-литературы и т. д.).  Формат вывода:  Название: Автор: Тип книги:  1. Краткое содержание    — общий сюжет / идея / научная тема,    — цель автора,    — структура (акты, главы, блоки).  2. Главные идеи, темы и концепции    — ключевые смыслы, мотивы, вопросы,    — логика развития мысли автора.  3. Ключевые тезисы, аргументы или важные элементы сюжета    — для нон-фикшн: модели, концепции, принципы,    — для художественной: персонажи, конфликты, арки, символы.  4. Значимые цитаты автора    — 5–10 цитат,    — если точные цитаты недоступны — аккуратный пересказ максимально близко к оригинальной мысли.  5. Практические выводы    — какие уроки, идеи, подходы или смыслы можно применить,    — какое влияние книгу может оказать на читателя.  Требования к стилю:  Пиши глубоко, развернуто, структурированно и без воды. Строго избегай вымышленных фактов. Стиль — адаптивный, в зависимости от жанра книги.```;112;2;{':smiling_face_with_open_hands:': 3, ':thumbs_up:': 1};108;https://t.me/Switch_On_AI;4;0;6;
2025-11-08 12:48:01+00:00;36;;Лещенко 🪄 ВКЛЮЧИ ИИ;2889841744;;-1;**⚙️ Вот и собрана команда из трёх ИИ-сотрудников**  Теперь у тебя есть три ассистента, и каждый отвечает за свой участок: маркетолог, продюсер и SMM. Вместе они закрывают весь цикл — от стратегии до контента.  [**🧠 AI-МАРКЕТОЛОГ**](https://t.me/Switch_On_AI/32)** ** Начинаешь с него. Он анализирует аудиторию, формулирует боли, смыслы, офферы и темы. После работы с ним у тебя есть основа — понимание, кто твой клиент и что ему важно.  [**⚙️ AI-ПРОДЮСЕР **](https://t.me/Switch_On_AI/33)  Дальше подключаешь продюсера. Он берёт выводы маркетолога и выстраивает стратегию: создаёт путь клиента, оффер, контент-план и этапы внедрения. После него у тебя есть структура и система действий под цель.  [**🎯 AI-SMM**](https://t.me/Switch_On_AI/34)  Завершает работу SMM. Он берёт стратегию и превращает её в контент, который цепляет. Подбирает форматы, хуки, сценарии и адаптирует всё под площадки. После него у тебя есть готовый контент под твою аудиторию и задачи.  🧩 Как работать с ними  1️⃣ Начни с маркетолога — составь стратегию и карту смыслов. 2️⃣ Передай результат продюсеру — он выстроит продуктовую систему. 3️⃣ Отдай всё SMM — он создаст контент, который будет работать на продвижение.  Так три ИИ-сотрудника превращаются в одну работающую систему: маркетолог — думает, продюсер — собирает, SMM — оживляет.;111;0;{':smiling_face_with_open_hands:': 3};108;https://t.me/Switch_On_AI;3;0;1;
2025-11-07 15:14:39+00:00;35;;Лещенко 🪄 ВКЛЮЧИ ИИ;2889841744;;-1;🧠** Промпт, который помогает писать идеальные промпты**  Большинство людей пишут запросы в ChatGPT наугад — и потом удивляются, почему результат «не тот». А всё просто: качество ответа = качество запроса.  ИИ не угадывает. Он исполняет. И чем яснее формулировка, тем точнее результат.  💡 Суть в структуре  Любой хороший промпт строится по трём шагам:  Определи цель. Что ты хочешь получить — текст, стратегию, сценарий, код?  Дай контекст. Кто ты, для кого это, какие ограничения?  Задай формат. Какой вид результата нужен — пост, Reels, таблица, структура и т. д.  Если это заложить — ИИ работает как точный инструмент, а не «попробуй угадать».  ⚙️ Как всё упростить  Чтобы не писать длинные и запутанные промпты вручную, можно использовать специальный промпт-ассистент. Он сам поможет уточнить задачу, предложит, что добавить, и соберёт финальную формулировку за вас.  🔧 Вот сам промпт  Скопируйте этот текст и вставьте в ChatGPT. Далее — просто отвечайте на его уточняющие вопросы, и за несколько итераций он поможет собрать идеальный, структурированный промпт под любую цель. ```Ты — эксперт по созданию и оптимизации промптов. Твоя задача — помогать пользователю разрабатывать чёткие, структурированные и эффективные промпты для любых целей: генерации текста, изображений, кода, идей и т. д. Ты работаешь по итерационной схеме, уточняя детали и совершенствуя запрос, пока не получится идеальный финальный промпт.   Процесс работы:  Сначала уточни, для какой цели или задачи нужен промпт.  Затем выдай три блока:  Пересмотренный промпт — краткая, улучшенная версия исходного запроса.  Предложения — идеи, что можно добавить (контекст, стиль, ограничения, примеры, роль модели, формат ответа).  Вопросы — конкретные уточнения, которые помогут сделать промпт точнее.   После ответа пользователя пересмотри промпт и повтори шаги 2–3, пока не будет достигнут оптимальный результат.   Если пользователь прислал готовый промпт:  Проанализируй его, укажи, какие проблемы есть (неясность, лишние/недостающие детали, отсутствие ограничений).  Предложи улучшенную версию, устраняя недостатки.  Задай уточняющие вопросы при необходимости.   Ключевые принципы:  Работай строго по итерационному процессу.  Используй ясный, грамотный и дружелюбный язык.  Задавай короткие, точные вопросы.  Применяй лучшие практики промпт-инжиниринга:  – Разделение задачи на шаги (chain-of-thought style).  – Уточнение роли модели (“Ты — эксперт по ...”).  – Указание формата ответа.  – Добавление примеров и критериев качества.  Держи деловой, но доброжелательный тон.  Цель — сделать промпт максимально точным, структурным и предсказуемым.   Формат ответа:  **Пересмотренный промпт:** [твоя улучшенная версия]  **Предложения:**  - пункт 1  - пункт 2  - пункт 3  **Вопросы:**  1. вопрос 1  2. вопрос 2``` 🚀 Как использовать  Скопируйте этот промпт.  Вставьте в ChatGPT.  Напишите свою задачу (например: «хочу сделать сценарий Reels»).  Отвечайте на уточнения ИИ — и через пару итераций вы получите готовый, точный запрос.  🧩 Или просто воспользуйтесь уже готовым ассистентом, который работает по этой же системе и делает всё за вас: 👉 [AI-ассистент по составлению промптов](https://chatgpt.com/g/g-689c7c28e70c8191b79ddb1e6300c52a-master-promptov);112;0;{':fire:': 3};108;https://t.me/Switch_On_AI;3;0;8;
2025-11-05 12:53:16+00:00;34;;Лещенко 🪄 ВКЛЮЧИ ИИ;2889841744;;-1;⚙️ Итак, встречайте третьего члена моей ИИ-команды — AI-SMM  Когда маркетолог понимает, кому мы говорим, а продюсер выстраивает как мы это подаём — в игру вступает AI-SMM.  Он отвечает за внимание, эмоцию и ритм контента. Превращает идеи в системную коммуникацию, которая растит бренд органично — без навязчивых продаж и выгорания.  Это специалист по вовлечению и алгоритмам. Он знает, как зацепить за 3 секунды, удержать внимание и перевести эмоцию в действие.  Ниже — часть того, что лежит под капотом моего AI-SMM. То, что превращает стратегию в живой, работающий контент.  ⚙️ ПРОМПТ ```Ты — SMM-специалист мирового уровня, стратег и контент-архитектор.   Ты создаёшь контент, который вызывает эмоцию, удерживает внимание и строит доверие между брендом и аудиторией.   Твоя задача — превращать идеи и смыслы в системную коммуникацию, которая помогает бренду расти органично, без навязчивых продаж.    🎯 Задача: На основе вводных данных (бренд, продукт, аудитория, цель, площадка) создай контент, который соответствует целям и особенностям канала.   Ты можешь создавать:  — посты (экспертные, вовлекающие, сторителлинговые, продающие),   — сценарии Reels / Shorts / TikTok-видео,   — серию сторис,   — тексты для прогревов, рубрик и рассылок.    🧭 Перед началом уточни (если не указано): — Цель контента: привлечь / вовлечь / прогреть / конвертировать / удержать.   — Площадку: Instagram, Telegram, VK, TikTok, YouTube и др.   — Целевую аудиторию: возраст, боли, желания, уровень вовлечённости.   — Tone of Voice: экспертный, дружеский, вдохновляющий, ироничный и т.д.   — Формат: пост, видео, сторис, статья, письмо.   — Ожидаемое действие: лайк, коммент, переход, подписка, заявка.    ⚙️ Алгоритм генерации: 1. Определи цель и ключевое сообщение.   2. Сформулируй хук — первую фразу или кадр, который останавливает внимание.   3. Раскрой ценность — инсайт, решение, эмоцию.   4. Добавь storytelling, конкретику и живой язык.   5. Заверши CTA, соответствующим цели контента.``` Это третий элемент моей ИИ-команды.  🧠 AI-маркетолог — находит смыслы и аудиторию. ⚙️ AI-продюсер — выстраивает стратегию и путь. 🎯 AI-SMM — делает это видимым и живым: превращает систему в эмоцию, а эмоцию — в результат.  Теперь команда собрана. Дальше покажу, как эти три ассистента работают вместе — как единый механизм, где маркетинг перестаёт быть хаосом и становится управляемой системой.;78;0;{':fire:': 1};108;https://t.me/Switch_On_AI;1;0;1;
2025-11-04 09:00:33+00:00;33;;Лещенко 🪄 ВКЛЮЧИ ИИ;2889841744;;-1;⚙️ ПРОДОЛЖЕНИЕ МОЕЙ ИИ-КОМАНДЫ — AI-ПРОДЮСЕР  AI-маркетолог находит смыслы и аудиторию. AI-продюсер — собирает путь от цели до результата: стратегия → оффер → контент → воронка → трафик → метрики. Это рабочий ассистент, который не рассуждает — проектирует.  Ниже — актуальный промпт, который лежит под капотом моего AI-продюсера.  ⚙️ ПРОМПТ ```🎭 Роль: Ты — ИИ-продюсер. Помогаешь выстраивать стратегию, контент и воронку под цель пользователя, используя ИИ и системный подход.  🎯 Миссия: Создать понятный путь от цели до результата: стратегия → оффер → контент → воронка → трафик → метрики.  🧩 На вход: [Цель + Дата] → [Продукт/оффер] → [Каналы] → [Тон коммуникации] Если данных не хватает — сформируй рабочую версию v1 и предложи уточнения.  🚀 На выход: — краткая стратегия продвижения, — контент-план и идеи для постов/видео, — оффер или лендинг-структура, — план внедрения (сегодня / 72 часа / 14 дней), — базовые KPI и точки оптимизации.  💡 Принципы: — Конкретика и скорость > размышления. — Каждый юнит контента имеет цель. — Всё завязано на цифрах, дедлайнах и тестах. — Контент — актив, а не «пост ради поста».  📘 Пример запроса: Нужно 150 лидов на [ПРОДУКТ] к [ДАТА] из [ПЛАТФОРМЫ], CPL ≤ [ЦЕЛЬ], тон — [СТИЛЬ].``` Это второй элемент моей ИИ-команды: маркетолог — смыслы и аудитория, продюсер — структура и запуск. Дальше — SMM: виральность, охваты, стабильный рост.;78;0;;108;https://t.me/Switch_On_AI;0;0;1;
2025-11-03 11:40:19+00:00;32;;Лещенко 🪄 ВКЛЮЧИ ИИ;2889841744;;-1;Когда я говорю, что собираю команду ИИ-сотрудников за один вечер — речь не про красивые слова, а про конкретные инструменты.  У каждого ассистента своя роль. И сегодня — AI-маркетолог. Он отвечает за маркетинговую стратегию: помогает понять, куда двигаться бренду, какие точки роста приоритетны и какие шаги стоит сделать первыми.  Ниже — вариант промпта для AI-маркетолога. Именно с него начинается работа над системой.  ⚙️ ПРОМПТ ```Ты — AI-маркетолог нового поколения.   Твоя задача — за 1 сессию помочь бизнесу понять, куда двигаться в маркетинге и что улучшить в первую очередь.    Используй данные ниже и выдай краткий, но структурированный результат.    🔧 Вводные данные:  Ниша / отрасль: [укажи нишу]   Продукт / услуга: [опиши продукт]   Компания / бренд: [название компании или личного бренда]   Целевая аудитория: [опиши ЦА]   Цель маркетинга: [например, увеличить продажи / лиды / узнаваемость]   Текущие проблемы: [1–2 ключевые проблемы]  💡 Задачи AI:  Сформулируй краткое позиционирование бренда (1 предложение).   Определи 3 приоритетных шага для роста.   Предложи 3 идеи контента, которые могут привлечь ЦА.   Укажи 1 гипотезу для теста рекламы или воронки.   Подскажи, какой AI-инструмент можно внедрить первым.  📊 Формат ответа:  1. Позиционирование: …   2. 3 шага для роста: …   3. Идеи контента: …   4. Гипотеза: …   5. Инструмент AI: …``` Это только малая часть того, что лежит под капотом моего маркетолога — в него собирались знания, структура и практика со всего интернета.  Дальше покажу, как устроены копирайтер и SMM. Вместе они собирают маркетинговую систему, которая работает стабильно и без выгорания.;74;0;;108;https://t.me/Switch_On_AI;0;0;1;
2025-10-31 10:26:19+00:00;31;;Лещенко 🪄 ВКЛЮЧИ ИИ;2889841744;;-1;🤖 Искусственный интеллект — не угроза, а партнёр, который помогает экспертам делать больше без выгорания.  В новой статье я рассказал, как ИИ снимает рутину, ускоряет процессы и возвращает фокус на главное — думать, создавать, развивать. Сейчас я тестирую многоканальный формат: один материал адаптирую под разные площадки — Telegram, vc.ru, Дзен и др. Каждая платформа получает свой формат, но смысл остаётся общий — включить интеллект в работу.  📎 Читай статью на Дзене: 👉 [Не враг, а помощник: как ИИ стал моей второй парой рук в работе](https://dzen.ru/a/aQSIlmz0_HS_fwhW);70;0;;108;https://t.me/Switch_On_AI;0;0;0;
2025-10-30 12:50:15+00:00;30;;Лещенко 🪄 ВКЛЮЧИ ИИ;2889841744;;-1;🤖 Как я выстраиваю систему контента, когда контента нет  Честно — я сейчас не делаю много публикаций. И причина не в том, что нет идей. Проблема в том, что без системы контент отнимает больше, чем даёт.  Я пробовал всё: контент-план 📅, расписания 🗓, вдохновение 💭. И каждый раз ловил себя на мысли — смешно, я же сам учу людей строить системы, а у меня её нет. Типичный сапожник без сапог — только с ИИ 🤦‍♂️🤖.  💡 Тогда я сделал то, чему сам учу — обучил искусственный интеллект работать вместо меня. Звучит почти как анекдот: «Обучил ИИ выстраивать систему контента, потому что сам не успевал выстраивать систему контента» 😂.  Теперь у меня есть своя нейрокоманда ⚙️:  🧠 AI-маркетолог анализирует аудиторию и формулирует смыслы,  🎬 AI-продюсер выстраивает логическую цепочку публикаций,  💬 AI-SMM превращает идеи в сценарии и тексты под разные площадки.  Каждый ассистент уже обучен под мой стиль и голос 🎯. Когда мне нужно запустить новую контент-серию, я просто ставлю задачу:  «Соберите стратегию под тему ________».  Через примерно час у меня на руках готовый контент-пак 📦: 📍 несколько Reels, 📍 пару постов, 📍 идеи для прогрева 🔥.  Публикую вручную, чтобы не терять охваты — и всё, процесс идёт 🚀.  Система, где технологии работают, а человек наконец перестаёт бороться с рутиной 🧩.  Так что да, выглядит немного абсурдно 😅 — я учу строить системы и только теперь наконец построил свою.;78;0;{':fire:': 2};108;https://t.me/Switch_On_AI;2;0;0;
2025-10-20 07:37:06+00:00;29;;Лещенко 🪄 ВКЛЮЧИ ИИ;2889841744;;-1;MediaMessage;77;;;108;https://t.me/Switch_On_AI;0;0;0;
2025-10-20 07:37:06+00:00;28;;Лещенко 🪄 ВКЛЮЧИ ИИ;2889841744;;-1;MediaMessage;82;0;;108;https://t.me/Switch_On_AI;0;0;0;
2025-10-20 07:36:06+00:00;27;;Лещенко 🪄 ВКЛЮЧИ ИИ;2889841744;;-1;MediaMessage;70;0;;108;https://t.me/Switch_On_AI;0;0;0;
2025-10-20 07:35:19+00:00;26;;Лещенко 🪄 ВКЛЮЧИ ИИ;2889841744;;-1;На выходных гуляли с семьей, встретили очень осенний люк!🍁  И так, короткий гайд, как бесплатно оживить любую фотографию!   Заходишь в Grok. Регистрируешься (можно быстро через Google почту)  Выбираешь режим Create Videos Добавляешь фото Пишешь короткий запрос Всё!   Вот я и подумал, что пусть из люка вылезает леший.🤣  Мой промпт: «люк открывается и из него вылезает леший»  Результат ниже);65;0;{':red_heart:': 1, ':clapping_hands:': 1};108;https://t.me/Switch_On_AI;2;0;0;
2025-10-16 14:55:50+00:00;25;;Лещенко 🪄 ВКЛЮЧИ ИИ;2889841744;;-1;Когда один GPT пытается делать всё — он теряет смысл. Когда у каждого ассистента есть роль, контекст и границы, они начинают работать как команда.  🧩 4 элемента GPT-ассистента  1️⃣ Роль — кто он и зачем нужен. Пример: «Редактор Telegram-канала про ИИ и контент-маркетинг».  2️⃣ Инструкция — что делает и как работает. «Создаёт посты в моём тоне, по структуре: хук → контекст → 3 тезиса → вывод.»  3️⃣ Знания — на чём обучается. Это ключевой блок. Сюда можно добавлять не только документы, но и целые источники знаний: — расшифровки видео экспертов с YouTube, — материалы и посты из телеграм-каналов, — книги, статьи, публикации, — любые данные, которые можно скачать или найти в открытом доступе.  Чем точнее и глубже база, тем умнее ассистент. Он будет работать внутри этих знаний, без догадок и домыслов.  4️⃣ Действия — что он реально делает: генерирует идеи, пишет посты, редактирует, анализирует обратную связь, составляет подборки, делает сводки, систематизирует информацию.  💡 Важно: Это — не полный список данных, которые можно передавать GPT-ассистенту. Ты можешь собрать под себя персональную систему обучения, которая опирается на твой опыт и лучшие материалы из рынка.  🧠 Лайфхак, если у тебя нет готовых данных:  Можно сымитировать загрузку знаний — и ассистент сам достроит контекст.  Сделай так:  1️⃣ Сначала спроси у GPT:  «Какие топовые книги, статьи, видео и другие материалы ты знаешь по этой теме?»  Он соберёт список ключевых источников и авторов.  2️⃣ Затем напиши ему:  «Представь, что ты прочитал все эти книги, статьи и посмотрел все эти видео. Запомни эту информацию и работай в рамках этих знаний.»  GPT подхватит контекст и будет действовать так, будто действительно изучил весь материал.;66;0;{':fire:': 1};108;https://t.me/Switch_On_AI;1;0;1;
2025-10-15 08:57:50+00:00;24;;Лещенко 🪄 ВКЛЮЧИ ИИ;2889841744;;-1;Я конечно видел уже аватары, но сам еще не добирался до Heygen! А тут как добрался)) Очень круто!;57;2;{':fire:': 3};108;https://t.me/Switch_On_AI;3;0;0;
2025-10-14 17:05:04+00:00;23;;Лещенко 🪄 ВКЛЮЧИ ИИ;2889841744;;-1;ИИ — это не “помощник для идей”. Это полноценный исполнитель, если дать ему систему. Вот где он реально экономит часы.  ⸻  🧩 **10 задач, которые GPT делает стабильно и качественно:**  1️⃣ **Генерация идей** — темы постов, тредов, сценариев. 2️⃣ **Редактура текстов** — чистит воду, делает логичнее, оставляет стиль. 3️⃣ **Создание заголовков** — по триггерам, контрастам и выгодам. 4️⃣ **Подготовка контент-планов** — структура, последовательность, формат. 5️⃣ **Копирайтинг лендингов** — смысл, структура, CTA. 6️⃣ **Расшифровка и конспектирование видео/аудио.** 7️⃣ **Составление инструкций и SOP-документов.** 8️⃣ **Формирование идей для Reels/Shorts.** 9️⃣ **Создание шаблонов промптов под разные задачи.** 🔟 **Анализ обратной связи и комментариев.**  ⸻  💡 **Как это работает:** Каждую из этих задач можно обернуть в ассистента внутри GPTs. Один отвечает за идеи, другой — за редактуру, третий — за заголовки.  Так ты получаешь свою команду ИИ сотрудников)  Думаю надо поделиться некоторыми из моей команды;60;0;;108;https://t.me/Switch_On_AI;0;0;0;
2025-10-13 11:46:30+00:00;22;;Лещенко 🪄 ВКЛЮЧИ ИИ;2889841744;;-1;GPT не пишет вдохновлённо — он пишет по структуре. И если задать формат правильно, он выдаёт текст, который можно публиковать без правок.  🧩 Рабочая схема промпта для контента:  1️⃣ Контекст — кто пишет и для кого. «Ты — редактор Telegram-канала о технологиях и бизнесе. Аудитория — предприниматели и специалисты по ИИ.»  2️⃣ Цель — о чём и зачем текст. «Тема — зачем бизнесу внедрять GPT-системы. Задача — показать практическую пользу без технички.»  3️⃣ Структура — как строится материал:  хук (вызов или факт)  контекст (суть или проблема)  3 тезиса (логика, шаги, примеры)  вывод (мысль или инсайт).  4️⃣ Тон — манера речи. «Пиши уверенно, по делу, коротко. Без воды и академизма.»  💡 Пример готового промпта:  Роль: Ты — редактор Telegram-канала про ИИ и автоматизацию контента. Целевая аудитория: маркетологи, продюсеры, копирайтеры и предприниматели, которые хотят создавать контент быстрее и умнее с помощью нейросетей.  Тон: уверенный, энергичный, экспертный, но простой. Без воды и бюрократии.  Задача: Напиши короткий пост для Telegram на заданную тему.  Структура: — Хук — сильная первая строка: вызов, контраст или короткий факт. — Контекст — в чём суть явления или тенденции. — 3 тезиса — конкретно, как GPT меняет процесс или подход. — Вывод — чёткая мысль, которая подталкивает к действию или переосмыслению.  Формат вывода: — Готовый текст поста (до 900 символов). — Без пояснений и заголовков. — Разделяй абзацы для читаемости.  Пример темы: «Как GPT меняет подход к созданию контента».  Задача GPT: показать, как встроить GPT в процесс контент-маркетинга — от идеи до публикации, и как это экономит время и усилия.  📄 Результат: текст с логикой, ритмом и смыслом. GPT не заменяет мышление — он просто оформляет его в систему.;60;0;{':smiling_face_with_open_hands:': 2};108;https://t.me/Switch_On_AI;2;0;3;
2025-10-10 13:04:01+00:00;21;;Лещенко 🪄 ВКЛЮЧИ ИИ;2889841744;;-1;Решил еще дать инструкцию, как работать с [Мастером промптов](https://chatgpt.com/g/g-689c7c28e70c8191b79ddb1e6300c52a-master-promptov)  🔹 1. Ты говоришь, что хочешь получить  Просто опиши задачу своими словами — не обязательно красиво. Примеры:  - «Хочу, чтобы ты написал текст для лендинга про онлайн-курсы.» - «Мне нужно сгенерировать идею для изображения в Midjourney.» - «Нужно, чтобы ты придумал структуру поста для блога.» - «Хочу, чтобы код на Python делал X.»  🔹 2. Я превращаю это в структурированный промпт  Я сделаю три блока:  1) Пересмотренный промпт — короткая, чёткая и улучшенная версия твоего запроса. 2) Предложения — что можно добавить (контекст, стиль, примеры, ограничения). 3) Вопросы — уточнения, которые помогут сделать промпт идеальным.  🔹 3. Ты отвечаешь на мои вопросы  Ты можешь: - ответить прямо на вопросы, - добавить детали («пиши в стиле Apple», «ответ должен быть таблицей»), - или просто сказать: «Да, оставь как есть».  🔹 4. Я делаю финальный промпт  Ты получаешь готовый, профессионально собранный промпт, который можно использовать где угодно — в ChatGPT, Midjourney, Claude, DALL·E, Replit и т. д.  💡 Пример  Ты: - Напиши пост про важность сна  Я: - Сделаю пересмотренный промпт (например, «Напиши информативный пост в Instagram о важности сна с практическими советами...»), - предложу варианты (тон, длина, примеры), - спрошу уточнения.  Через 1–2 итерации ты получаешь идеальный готовый промпт.;51;0;{':fire:': 1};108;https://t.me/Switch_On_AI;1;0;1;
2025-10-10 12:59:01+00:00;20;;Лещенко 🪄 ВКЛЮЧИ ИИ;2889841744;;-1;GPT не тупит. Он просто делает ровно то, что ты сказал.  А значит, если на выходе ерунда — вопрос не к ИИ, а к постановке задачи.  🧩 Промпт = инструкция. У него есть четыре слоя:  1️⃣ Контекст — кто ты и зачем (для кого текст). 2️⃣ Цель — что нужно получить на выходе. 3️⃣ Формат — в каком виде (список, статья, сценарий). 4️⃣ Критерии — как понять, что результат “норм”.  Пример. ❌ Плохо:  «Напиши пост про личный бренд»  ✅ Хорошо:  «Ты — редактор Telegram-канала о digital. Сделай пост о личном бренде для экспертов, 3 абзаца, по делу, без воды, с тезисом → выводом».  💡 Промпт — не магия, а архитектура мысли. Если она хаотична — GPT зеркалит хаос. Если ясна — он превращается в ассистента, а не генератор случайностей.  🧠 И чтобы не собирать это вручную — можно просто использовать GPTs-ассистента, который сам помогает формулировать точные промпты: задаёт вопросы, уточняет детали и собирает идеальную инструкцию.  👉 [[Мастер промптов]](https://chatgpt.com/g/g-689c7c28e70c8191b79ddb1e6300c52a-master-promptov);51;0;{':fire:': 1};108;https://t.me/Switch_On_AI;1;0;1;
2025-10-10 08:37:01+00:00;19;;Лещенко 🪄 ВКЛЮЧИ ИИ;2889841744;;-1;🎁 БЕСПЛАТНЫЙ GPT-АССИСТЕНТ: пишет экспертные Threads за 1 минуту  Всё надоело — треды, контент, регулярность, вечная прокрастинация? Я тебя понимаю. Вот тебе реально полезная штука, которую я сам(а) использую:  [👉 GPT-Ассистент, который пишет треды по твоей теме](https://chatgpt.com/g/g-68d6baa9cdb8819194ae500d8af6c5ec-vkliuchi-ii-threads)  Что делает:  ✅ Спрашивает у тебя тему ✅ Сам пишет цепляющий тред на 5–10 твитов ✅ Делает это стильно, экспертно, без воды ✅ И экономит тебе кучу времени  Подходит, если ты:  — Хочешь публиковаться регулярно, но треды съедают энергию  📌 Просто открой, введи тему — и получи результат. ⚡️ Быстро. Бесплатно. Без регистрации и смс.  [👉 Нажми сюда, чтобы попробовать](https://chatgpt.com/g/g-68d6baa9cdb8819194ae500d8af6c5ec-vkliuchi-ii-threads)  Если понравится — у меня есть автоматизация, которая делает это на постоянке 😉;50;0;{':fire:': 1};108;https://t.me/Switch_On_AI;1;0;0;
2025-10-09 15:08:01+00:00;18;;Лещенко 🪄 ВКЛЮЧИ ИИ;2889841744;;-1;Поисковые системы теряют позиции — глобальный трафик просел примерно на 15% за год (данные Similarweb).  Даже Google признал очевидное: вместо рекламы — ИИ-саммари, вместо SEO — понимание смысла.  Это не просто сдвиг формата. Это новая архитектура контента.  Теперь важно не «ключевые слова» и не «объём текста». А структура знания, которую могут считать и люди, и большие языковые модели.  📌 Что это значит на практике: — контент должен быть внятным и проверяемым, — источники — многоуровневыми (цитируемость = доверие), — автор — носителем смысла, а не трафика.  Если коротко — эра SEO заканчивается.;44;0;{':thumbs_up:': 3, ':fire:': 1};108;https://t.me/Switch_On_AI;4;0;0;
2025-10-09 11:48:18+00:00;17;;Лещенко 🪄 ВКЛЮЧИ ИИ;2889841744;;-1;⚙️ Как на самом деле думает ChatGPT  Большинство до сих пор считают, что ChatGPT — это умный собеседник. На деле — это предсказательная машина.  Представь автодополнение в телефоне: пишешь «Привет, как…», и тебе выдают «дела». Телефон не понимает смысл, он просто угадывает следующее слово.  ChatGPT делает то же самое — только не на уровне смс, а на уровне всего интернета.  Ты пишешь слово → он предсказывает следующее → и так до конца текста.  Теперь самое важное. Каждое слово в твоём промпте — это не просто «уточнение». Это ветвь предсказания. Один промпт может запустить тысячи разных траекторий.  И если ты пишешь «сделай красиво», нейросеть теряется. Что значит «красиво»? Для кого? В каком контексте?  Хочешь управлять нейросетью — научись управлять словами. Формулировки решают всё.  ❌ «Сделай круто» ✅ «Создай заголовки с триггерными словами: ошибка, правда, перестаньте, никто не говорит. Пиши на языке боли аудитории и избегай клише».  Разница — в миллиметрах текста, но в километрах результата.  ChatGPT — это не магия. Это точность мышления, выраженная в словах.  ИИ не думает. Думаешь ты. Он просто показывает, насколько чётко ты умеешь формулировать.;46;0;{':thumbs_up:': 3};108;https://t.me/Switch_On_AI;3;0;0;
2025-08-29 16:07:03+00:00;15;;Лещенко 🪄 ВКЛЮЧИ ИИ;2889841744;;-1;Продакт на базе, начинаю всю модель переделывать 😅   ИИ команда, это как разные отделы в организации, одни сделали - передали другому в работу.  Вот отдел, который возглавил al продакт отправил ЦА на доработку, говорит мол: «а фокус где?»  Пошел искать)🔎;64;0;{':red_heart:': 4};108;https://t.me/Switch_On_AI;4;0;0;
2025-08-29 05:59:50+00:00;14;;Лещенко 🪄 ВКЛЮЧИ ИИ;2889841744;;-1;Апдейт 🚀  Собирается моя нейрокоманда специалистов. Уже есть контент-план, бренд-стратег сделал стратегию проекта (и она прям заходит), исследователь копнул глубоко в аудиторию и конкурентов, а маркетолог расписал продвижение на год вперёд.  Сегодня к нам присоединяется продакт — будем вместе смотреть на курс и доводить его до рабочей версии.  И знаете, что самое приятное? Всё это не про «когда-нибудь», а про реальный процесс здесь и сейчас. Каждая итерация даёт новые смыслы и идеи. Иногда ощущение, будто кто-то подсвечивает угол, на который я сам бы не посмотрел.  Цена вопроса — 20$ в месяц. За эти деньги я собрал команду. Да и это еще не полный список специалистов 😁  Так что движ продолжается, и с каждым шагом продукт становится всё ближе к старту 🔥;65;0;{':fire:': 5};108;https://t.me/Switch_On_AI;5;0;0;
2025-08-13 13:18:16+00:00;13;;Лещенко 🪄 ВКЛЮЧИ ИИ;2889841744;;-1;🔥 GPT-5 теперь с режимами мышления — выбирает не только слова, но и темп  В чате появились три стиля работы модели — под разные задачи и терпение:  ⚡️ Fast — отвечает почти мгновенно. Формулы, короткие справки, быстрые решения — как спринтер на старте.  🧠 Thinking (тот самый «синкинг») — берёт паузу и раскладывает всё по полочкам. Дольше думает, зато выдаёт сверхразвёрнутые, продуманные ответы уровня «можно сразу в документ».  🤖 Auto — сам выбирает между скоростью и глубиной. Балансирует «сейчас» и «идеально».  И ещё: доступна проверенная классика — GPT-4o. Для тех кейсов, где нужна стабильность и предсказуемость.  Итог: спринтер, мыслитель и автопилот — плюс надёжная «четвёрка»;61;0;{':fire:': 4};108;https://t.me/Switch_On_AI;4;0;0;
2025-08-12 17:15:11+00:00;12;;Лещенко 🪄 ВКЛЮЧИ ИИ;2889841744;;-1;🔥 ВАУ!  Сегодня я впервые показал свою программу и… кайфанул от процесса! Ощущение, когда делишься тем, что знаешь, и видишь, как у людей появляется интерес в глазах — бесценно.  Но! Были и моменты, которые хочу доработать. Увидел, где добавить примеры, а где упростить объяснение. Это значит, что финальная версия обучения будет ещё мощнее.  Сейчас подготовка идёт полным ходом:  • шлифую подачу  • дополняю практику  • добавляю кейсы  Спасибо каждому, кто был на встрече ❤️ Любая ваша обратная связь сейчас — на вес золота. Напишите, что зашло, а что можно улучшить — и мы сделаем это обучение максимально ценным.  💬 Пишите прямо в комментариях или личку.  [**Лещенко 🪄 ВКЛЮЧИ ИИ**](https://t.me/Switch_On_AI);66;6;{':fire:': 8, ':red_heart:': 3, ':trophy:': 3};108;https://t.me/Switch_On_AI;14;0;1;
2025-08-09 07:55:12+00:00;11;;Лещенко 🪄 ВКЛЮЧИ ИИ;2889841744;;-1;Вот и до меня дошло будущее!!!)))  Буду развлекаться!;51;2;{':fire:': 2};108;https://t.me/Switch_On_AI;2;0;0;
2025-08-08 10:48:00+00:00;10;;Лещенко 🪄 ВКЛЮЧИ ИИ;2889841744;;-1;🚀 GPT-5 уже в игре. И всё меняется прямо сейчас  7 августа 2025 — дата, которую запомнят. OpenAI выпустила GPT-5, и это не просто новое обновление. Это рубеж.  Если раньше ИИ был умным помощником, то теперь — это полноценный член команды, способный думать, планировать и создавать.  Что уже происходит с выходом GPT-5:  🧩 Мышление нового уровня GPT-5 сама включает режим глубокого анализа, строит пошаговую логику и объясняет её так, что даже сложные задачи кажутся простыми.  💡 Программирование без программистов Пишешь задачу словами — получаешь код, архитектуру и доработки. Новый формат: software on demand.  📂 Полный контроль над задачами Интеграции с почтой, календарями, CRM и Notion позволяют GPT-5 вести проекты от идеи до результата, без «человеческого забывания».  🎙 Личность и голос Выбираешь стиль общения, включаешь голосовой режим, и модель подстраивается под тебя, помня все нюансы.  GPT-5 уже здесь. И если GPT-4 казался вершиной, то теперь мы поняли — это была только разминка.;53;0;{':fire:': 2};108;https://t.me/Switch_On_AI;2;0;1;
2025-08-07 11:23:29+00:00;8;;Лещенко 🪄 ВКЛЮЧИ ИИ;2889841744;;-1;🤖 **GPT-5 выходит уже сегодня. Самый громкий релиз года от OpenAI.**  Презентация новой модели — сегодня, 7 августа в 20:00 по московскому времени.  GPT-5 — это не просто обновление. Это новый уровень автономности, логики и персонализации.  ⚙️ Всего будет 4 версии: — GPT-5 — базовая модель с усиленным логическим мышлением — GPT-5-mini — облегченная версия для стандартных задач — GPT-5-nano — для быстрого отклика — GPT-5-chat — адаптированная под корпоративные цели  Что меняется: — Модель теперь **показывает ход мыслей**: она проговаривает шаги, объясняя, как пришла к выводу — Встроенный **фактчекер**: ответы проходят внутреннюю проверку — GPT-5 способна **самостоятельно выполнять сложные цепочки действий** — от сбора информации до финального результата — **Глубокая персонализация**: лучше запоминает контекст, стиль и предпочтения  Также OpenAI оставит бесплатный доступ: — Бесплатная версия — базовая логика — ChatGPT Plus — продвинутый интеллект — ChatGPT Pro — максимальные возможности  GPT-5 также станет доступен через GitHub Models, API и Microsoft Copilot.  Это шаг не просто в сторону умного ассистента. Это начало перехода к полноценному цифровому соавторству.;36;0;{':fire:': 2};108;https://t.me/Switch_On_AI;2;0;0;
2025-08-06 13:30:43+00:00;7;;Лещенко 🪄 ВКЛЮЧИ ИИ;2889841744;;-1;🔥 Если ты до сих пор не в нейросетях — ты уже в минусе  Привет, меня зовут Павел Лещенко. Я предприниматель.   И вот уже 2 года использую нейросети в своей работе — без кода, без заморочек, без волшебства.  Просто беру то, что работает.   И применяю это каждый день, чтобы ускоряться, освобождать голову от рутин и зарабатывать больше.  ⚠️ 2025 год — не время “разобраться потом”.   ИИ — это не мода. Это новая грамотность.   Ты либо учишься использовать нейросети — либо наблюдаешь, как другие тебя обходят.  💡 Что дал мне ИИ: — Я стал в 3 раза быстрее закрывать задачи   — Перестал тратить время на бессмысленную рутину   — Начал реально управлять своим фокусом  И знаешь, что самое важное?  Это доступно каждому.   Никакой магии. Никакого “надо быть гением”.  📌 В этом канале я буду делиться: — Конкретными инструментами   — Фишками, которые работают на практике   — Мыслями о будущем, которое уже наступило  Не будет воды.   Будет польза, которой мне самому не хватало в начале пути.  P.S. Пока ты думаешь, нейросеть уже кому-то приносит деньги. Вопрос — будешь ли ты в числе этих людей?;33;0;{':fire:': 2, ':thumbs_up:': 1};108;https://t.me/Switch_On_AI;3;0;0;
